Corpus,Prompt,dataset,data column,data column classification,data value column,data value,Visual Task,ambiguous term,ambiguity reason,data transforms-keyword,data Transforms,new column name,derivation specified
NLVCorpus,Relationship between IMDB Rating and Rotten Tomatoes Rating,Movies,,,,,,,,,,,
NLVCorpus,what's the production budget for movies in different years?,Movies,,,,,,,,,,,
NLVCorpus,Movie gross and budge relationship based on genre,Movies,,,,,,,,,,,
NLVCorpus,Is there a correlation between acceleration and horsepower?,Cars,,,,,,,,,,,
NLVCorpus,How many heavy cars are in the dataset?,Cars,,,,,,,,,,,
NLVCorpus,show me imdb rating versus rotten tomatoes rating,Movies,,,,,,,,,,,
NLVCorpus,Are there any American 5 cylinder cars?,Cars,,,,,,,,,,,
NLVCorpus,How does displacement relate to fuel economy for cars from Europe v. USA?,Cars,,,,,,,,,,,
NLVCorpus,Which cylinder cars have the highest fuel economy?,Cars,,,,,,,,,,,
NLVCorpus,Which countries have the most cars in this dataset?,Cars,,,,,,,,,,,
NLVCorpus,Which countries have the highest acceleration for cars of different cylinders?,Cars,,,,,,,,,,,
NLVCorpus,How do the horsepowers of the cars from different regions change with years?,Cars,,,,,,,,,,,
NLVCorpus,The distribution of the number of cylinders of cars based on different origins.,Cars,,,,,,,,,,,
NLVCorpus,What is the correlation between displacement and MPG of cars with different origins?,Cars,,,,,,,,,,,
NLVCorpus,count the number of cars based on their origins.,Cars,,,,,,,,,,,
NLVCorpus,what is the correlation between horsepower and acceleration?,Cars,,,,,,,,,,,
NLVCorpus,Is there a correlation between cars' horsepower and acceleration?,Cars,,,,,,,,,,,
NLVCorpus,"how does displacement relate to mpg for individual models, partitioned by country",Cars,,,,,,,,,,,
NLVCorpus,"how does weight relate to acceleration for car models, small multiples by origin",Cars,,,,,,,,,,,
NLVCorpus,how does horsepower relate to acceleration for individual car models,Cars,,,,,,,,,,,
NLVCorpus,How much is the average of profit of each state?,Superstore,,,,,,,,,,,
NLVCorpus,How do the company earn in each state?,Superstore,,,,,,,,,,,
NLVCorpus,"Compare the number of models in USA, Japan and Europe ?",Cars,,,,,,,,,,,
NLVCorpus,What creative type of movie had the highest production budget for each content rating?,Movies,,,,,,,,,,,
NLVCorpus,What is the relationship between production budget and worldwide gross for each major genre?,Movies,,,,,,,,,,,
NLVCorpus,What is the relationship between release year and average production budget?,Movies,,,,,,,,,,,
NLVCorpus,What major genre had the highest average worldwide gross?,Movies,,,,,,,,,,,
NLVCorpus,What major genre had the lowest average worldwide gross?,Movies,,,,,,,,,,,
NLVCorpus,How much did average worldwide gross vary by major genre?,Movies,,,,,,,,,,,
NLVCorpus,How many movies are there are of each creative type?,Movies,,,,,,,,,,,
NLVCorpus,Which creative type had the most movies?,Movies,,,,,,,,,,,
NLVCorpus,Which creative type had the fewest movies?,Movies,,,,,,,,,,,
NLVCorpus,What is the total worldwide gross for each major genre across time?,Movies,,,,,,,,,,,
NLVCorpus,Is there a relationship between production budget and worldwide gross for each content rating?,Movies,,,,,,,,,,,
NLVCorpus,What is the distribution of running times for each movie?,Movies,,,,,,,,,,,
NLVCorpus,Is there a relationship between IMDB rating and rotten tomatoes rating?,Movies,,,,,,,,,,,
NLVCorpus,Does higher horsepower mean lower acceleration?,Cars,,,,,,,,,,,
NLVCorpus,How many cylinders do cars manufactured in different countries have?,Cars,,,,,,,,,,,
NLVCorpus,Compare car cylinder count against acceleration across countries,Cars,,,,,,,,,,,
NLVCorpus,How many cars do each country manufacture?,Cars,,,,,,,,,,,
NLVCorpus,What's the mileage for cars based on the number of cylinders present?,Cars,,,,,,,,,,,
NLVCorpus,Does higher cylinder count mean mean lower mileage?,Cars,,,,,,,,,,,
NLVCorpus,How does mileage relate to cylinder count?,Cars,,,,,,,,,,,
NLVCorpus,What were the total sales for each date in each category?,Superstore,,,,,,,,,,,
NLVCorpus,How much was sold each day for each category?,Superstore,,,,,,,,,,,
NLVCorpus,What is the average profit for each state?,Superstore,,,,,,,,,,,
NLVCorpus,What is the relationship between profit and sales?,Superstore,,,,,,,,,,,
NLVCorpus,What is the average profit of each ship mode divided by segment?,Superstore,,,,,,,,,,,
NLVCorpus,What is the sales forecast for each date?,Superstore,,,,,,,,,,,
NLVCorpus,How many orders were placed for each order quantity?,Superstore,,,,,,,,,,,
NLVCorpus,What is the relationship between sales and profit for each region?,Superstore,,,,,,,,,,,
NLVCorpus,How many orders were placed for each sub-category?,Superstore,,,,,,,,,,,
NLVCorpus,"What is the total profit for each region, based on ship status?",Superstore,,,,,,,,,,,
NLVCorpus,what is the average MPG for different cylinders,Cars,,,,,,,,,,,
NLVCorpus,What is the relation between horsepower and acceleration,Cars,,,,,,,,,,,
NLVCorpus,how weight varies each year,Cars,,,,,,,,,,,
NLVCorpus,how is acceleration related to horsepower,Cars,,,,,,,,,,,
NLVCorpus,How has horsepower changed over time by country?,Cars,,,,,,,,,,,
NLVCorpus,Movie run time distribution,Movies,,,,,,,,,,,
NLVCorpus,Have cars gotten lighter over time?,Cars,,,,,,,,,,,
NLVCorpus,How production budge changes over release years?,Movies,,,,,,,,,,,
NLVCorpus,What was the average production budget of movies by year?,Movies,,,,,,,,,,,
NLVCorpus,"What's the average production budget of the different rated movies, separated by creative type.",Movies,,,,,,,,,,,
NLVCorpus,Which genre movie makes most worldwide gross,Movies,,,,,,,,,,,
NLVCorpus,Are IMDb rating and rotten tomatoes rating related,Movies,,,,,,,,,,,
NLVCorpus,what is the sales trend of the different product categories?,Superstore,,,,,,,,,,,
NLVCorpus,How many products have 3 or more quantity ordered ?,Superstore,,,,,,,,,,,
NLVCorpus,How many products are ordered in single quantity ?,Superstore,,,,,,,,,,,
NLVCorpus,Density of sales across regions and their profitability,Superstore,,,,,,,,,,,
NLVCorpus,What are the profits across different states?,Superstore,,,,,,,,,,,
NLVCorpus,What product category has more orders placed?,Superstore,,,,,,,,,,,
NLVCorpus,sales forecast between Jan 2016 and July 2017,Superstore,,,,,,,,,,,
NLVCorpus,what is the worldwide gross distribution per genre,Movies,,,,,,,,,,,
NLVCorpus,what's the breakdown of production budget by creative type per content rating?,Movies,,,,,,,,,,,
NLVCorpus,I want to know how many orders there are by the quantity of the order,Superstore,,,,,,,,,,,
NLVCorpus,What is our profit based on shipping mode by customer segment?,Superstore,,,,,,,,,,,
NLVCorpus,how does Rotten Tomatoes Rating change as IMDB Rating?,Movies,,,,,,,,,,,
NLVCorpus,What is the total worldwide gross earned by each major genre and content rating?,Movies,,,,,,,,,,,
NLVCorpus,"For each genre and rating, what is the total world-wide gross earnings?",Movies,,,,,,,,,,,
NLVCorpus,How much did each type of movie earn in across the whole world?,Movies,,,,,,,,,,,
NLVCorpus,How much money did movies of each genre and rating make?,Movies,,,,,,,,,,,
NLVCorpus,"What was the average budget for each content rating and creative type, as multiple column charts",Movies,,,,,,,,,,,
NLVCorpus,What is the average production budget in each year,Movies,,,,,,,,,,,
NLVCorpus,Compare imdb rating to rotten tomatoes rating,Movies,,,,,,,,,,,
NLVCorpus,Which creative types have the most movies?,Movies,,,,,,,,,,,
NLVCorpus,"On average, how much was earned by movies of each genre?",Movies,,,,,,,,,,,
NLVCorpus,How many movies are of each length?,Movies,,,,,,,,,,,
NLVCorpus,What is the sales vs profit ratio of the four regions,Superstore,,,,,,,,,,,
NLVCorpus,What is the average profit of each state,Superstore,,,,,,,,,,,
NLVCorpus,What is the sales vs profit ratio of all the zones,Superstore,,,,,,,,,,,
NLVCorpus,What is the average profit of different segments on the ship modes of transport,Superstore,,,,,,,,,,,
NLVCorpus,how much is the profit for sales for each,Superstore,,,,,,,,,,,
NLVCorpus,Help me see outliers in IMDB and Rotten Tomatoes ratings,Movies,,,,,,,,,,,
NLVCorpus,What was the average worldwide gross of movies by genre?,Movies,,,,,,,,,,,
NLVCorpus,how many models are proudced by each country,Cars,,,,,,,,,,,
NLVCorpus,what is the average weight of cars over time,Cars,,,,,,,,,,,
NLVCorpus,How much did major genres gross in total,Movies,,,,,,,,,,,
NLVCorpus,gross across genres regarding content rating,Movies,,,,,,,,,,,
NLVCorpus,What is the distribution of weight across all cars?,Cars,,,,,,,,,,,
NLVCorpus,How much do various cars weigh?,Cars,,,,,,,,,,,
NLVCorpus,What is the range of weights for all cars?,Cars,,,,,,,,,,,
NLVCorpus,What is the correlation between sales and profit by region,Superstore,,,,,,,,,,,
NLVCorpus,what's the distribution of running times by movie,Movies,,,,,,,,,,,
NLVCorpus,how many movies are there in 20 minute bins of running time,Movies,,,,,,,,,,,
NLVCorpus,how many movies are there for each creative type,Movies,,,,,,,,,,,
NLVCorpus,which creative types had the most movies?,Movies,,,,,,,,,,,
NLVCorpus,Show me the variation in the amount ordered by different entities in different orders,Movies,,,,,,,,,,,
NLVCorpus,relation between rotten tomatoes rating and IMDB rating,Movies,,,,,,,,,,,
NLVCorpus,relation between rotten tomatoes and IMDB ratings,Movies,,,,,,,,,,,
NLVCorpus,worldwide gross for each genre for each year 1995 to now,Movies,,,,,,,,,,,
NLVCorpus,how many films of each creative type,Movies,,,,,,,,,,,
NLVCorpus,"Cumulative gross for each content rating, by major genre",Movies,,,,,,,,,,,
NLVCorpus,Relation between worldwide gross and production budget for each major genre,Movies,,,,,,,,,,,
NLVCorpus,where do the cars originate from?,Cars,,,,,,,,,,,
NLVCorpus,How has AVG (Horsepower) evolved over time? | Segregate it by the car origin.,Cars,,,,,,,,,,,
NLVCorpus,Compare AVG (Acceleration) with Cylinders. | Segregate the cylinders by their origin.,Cars,,,,,,,,,,,
NLVCorpus,How does AVG (Weight) evolve over the years?,Cars,,,,,,,,,,,
NLVCorpus,Relationship of Rotten Tomatoes rating to IMDB rating.,Movies,,,,,,,,,,,
NLVCorpus,Can you create a graph showing sales and profit by region?,Superstore,,,,,,,,,,,
NLVCorpus,How does the acceleration of cars from different countries vary by the number of cylinders?,Cars,,,,,,,,,,,
NLVCorpus,How does acceleration vary by weight for cars from different regions?,Cars,,,,,,,,,,,
NLVCorpus,What is the average MPG for cars with different cylinders?,Cars,,,,,,,,,,,
NLVCorpus,How does MPG vary by the number of cylinders in a car?,Cars,,,,,,,,,,,
NLVCorpus,How does acceleration change with horsepower?,Cars,,,,,,,,,,,
NLVCorpus,How does acceleration behave compared to horsepower?,Cars,,,,,,,,,,,
NLVCorpus,How many cars are from each region?,Cars,,,,,,,,,,,
NLVCorpus,"how does MPG compare to displacement, broken out by region?",Cars,,,,,,,,,,,
NLVCorpus,"For each region, how does a car's MPG vary with displacement?",Cars,,,,,,,,,,,
NLVCorpus,How has horsepower changed over time in each region?,Cars,,,,,,,,,,,
NLVCorpus,what is the breakdown of cars by the number of cylinders in each region?,Cars,,,,,,,,,,,
NLVCorpus,How many cars have various numbers of cylinders in each region?,Cars,,,,,,,,,,,
NLVCorpus,What is the average weight of cars by model year?,Cars,,,,,,,,,,,
NLVCorpus,How has the average weight of cars changed over the years?,Cars,,,,,,,,,,,
INFOVIS Class,What months are hurricanes most common?,Atlantic Storms,,,,,,,,,,,
INFOVIS Class,Where are storms most common depending on the time of year?,Atlantic Storms,,,,,,,,,,,
INFOVIS Class,Are there more storms in recent years?,Atlantic Storms,,,,,,,,,,,
INFOVIS Class,What does the distribution of the storms look like?,Atlantic Storms,,,,,,,,,,,
INFOVIS Class,What is the most frequent status over the year?,Atlantic Storms,,,,,,,,,,,
INFOVIS Class,"What is the main factor depending on different status? (wind, time, pressure, or etc.?)",Atlantic Storms,,,,,,,,,,,
INFOVIS Class,What was the name of the earliest storm?,Atlantic Storms,,,,,,,,,,,
INFOVIS Class,How many hurricanes?,Atlantic Storms,,,,,,,,,,,
INFOVIS Class,What is the name of the largest storm,Atlantic Storms,,,,,,,,,,,
INFOVIS Class,What storm produced the greatest air pressure?,Atlantic Storms,,,,,,,,,,,
INFOVIS Class,How many storms are named Caroline?,Atlantic Storms,,,,,,,,,,,
INFOVIS Class,What storm produced the least air pressure?,Atlantic Storms,,,,,,,,,,,
INFOVIS Class,What storm had the greatest diameter of tropical storm strength winds?,Atlantic Storms,,,,,,,,,,,
INFOVIS Class,What storm had the greatest diameter of hurricane strength winds?,Atlantic Storms,,,,,,,,,,,
INFOVIS Class,"How many storms occur per year, on average?",Atlantic Storms,,,,,,,,,,,
INFOVIS Class,"On average, what is the first date that a tropical cyclone (tropical depression, tropical storm, or hurricane) forms on every year?",Atlantic Storms,,,,,,,,,,,
INFOVIS Class,Is there a correlation between wind speed and air pressure?,Atlantic Storms,,,,,,,,,,,
INFOVIS Class,Is there a correlation between the duration of the storm and wind speed?,Atlantic Storms,,,,,,,,,,,
INFOVIS Class,Where have all hurricanes been recorded on the globe? Where are they more common?,Atlantic Storms,,,,,,,,,,,
INFOVIS Class,What lat/long locations are most likely to experience hurricanes?,Atlantic Storms,,,,,,,,,,,
INFOVIS Class,What are lengths/timings of hurricane seasons in different regions of the world?,Atlantic Storms,,,,,,,,,,,
INFOVIS Class,What is the average storm length?,Atlantic Storms,,,,,,,,,,,
INFOVIS Class,What is the average time that it takes to go from depression to storm?,Atlantic Storms,,,,,,,,,,,
INFOVIS Class,"What is the relationship, if any, between wind and pressure?",Atlantic Storms,,,,,,,,,,,
INFOVIS Class,How does wind change over the course of each hurricane?,Atlantic Storms,,,,,,,,,,,
INFOVIS Class,Average tropical storm diameter?,Atlantic Storms,,,,,,,,,,,
INFOVIS Class,What is the relationship between storm day and hu_diameter?,Atlantic Storms,,,,,,,,,,,
INFOVIS Class,Are there any repeat names of storms?,Atlantic Storms,,,,,,,,,,,
INFOVIS Class,What month has the strongest hurricanes,Atlantic Storms,,,,,,,,,,,
INFOVIS Class,How has wind speed changed over time,Atlantic Storms,,,,,,,,,,,
INFOVIS Class,What is the maximum pressure of a certain hurricane?,Atlantic Storms,,,,,,,,,,,
INFOVIS Class,Relationship between position and the strength of the hurricane,Atlantic Storms,,,,,,,,,,,
INFOVIS Class,Average time for each hurricane status,Atlantic Storms,,,,,,,,,,,
INFOVIS Class,Which hurricane lasted the longest,Atlantic Storms,,,,,,,,,,,
INFOVIS Class,What is the relationship between level of education and crime rate?,GunViolence,,,,,,,,,,,
INFOVIS Class,Are there any visible trends in violent crime rates over the time period?,GunViolence,,,,,,,,,,,
INFOVIS Class,What is the most frequent place of violent crime?,GunViolence,,,,,,,,,,,
INFOVIS Class,Are there any correlations between crime types and geographic location?,GunViolence,,,,,,,,,,,
INFOVIS Class,What is the distribution for non-violent crimes based on age?,GunViolence,,,,,,,,,,,
INFOVIS Class,Are there any correlations in violent or non-violent crimes based on congressional district and year?,GunViolence,,,,,,,,,,,
INFOVIS Class,Is there a somewhat even distribution between the year and congressional district?,GunViolence,,,,,,,,,,,
INFOVIS Class,What city has the highest crime rate?,GunViolence,,,,,,,,,,,
INFOVIS Class,How many gun violence incidents are there each year?,GunViolence,,,,,,,,,,,
INFOVIS Class,Are there any significant correlations between any 2 variables in the dataset?,GunViolence,,,,,,,,,,,
INFOVIS Class,How many incidents of gun violence result in death? (I.e. what proportion are fatal vs. non-fatal?),GunViolence,,,,,,,,,,,
INFOVIS Class,What’s the frequency of gun violence incidents with multiple victims?,GunViolence,,,,,,,,,,,
INFOVIS Class,Are males or females more likely to die of gun violence?,GunViolence,,,,,,,,,,,
INFOVIS Class,Is one sex more likely to perpetrate gun violence?,GunViolence,,,,,,,,,,,
INFOVIS Class,Is more gun violence committed with stolen guns or non stolen guns,GunViolence,,,,,,,,,,,
INFOVIS Class,How have homicide rates increased over time?,GunViolence,,,,,,,,,,,
INFOVIS Class,What type of gun violence has seen the most growth over the years?,GunViolence,,,,,,,,,,,
INFOVIS Class,Are most gun death because of suicide?,GunViolence,,,,,,,,,,,
INFOVIS Class,Did most gun violence happen inside home,GunViolence,,,,,,,,,,,
INFOVIS Class,What is the correlation between education levels and suicide rates?,GunViolence,,,,,,,,,,,
INFOVIS Class,Which state/year has the most gun deaths?,GunViolence,,,,,,,,,,,
Quda,show me a list of neighborhoods with the number of male births from least to most .,births,,,,,,,,,,,
Quda,what is the total number of categories ?,googleplaystore,,,,,,,,,,,
Quda,"according to population , what is the rank of each of region ?",HFS,,,,,,,,,,,
Quda,give me the movie that received the most nominations,golden_globe_awards,,,,,,,,,,,
Quda,is there an outlier within the value distribution of albinism that causes the result to be skewed ?,Genetic disease,,,,,,,,,,,
Quda,can you tell me the total number of categories ?,googleplaystore,,,,,,,,,,,
Quda,they want to know what tactic is most effective during football .,shooting_player_info,,,,,,,,,,,
Quda,can lower study times among students cause greater failure rates in class ?,student-mat,,,,,,,,,,,
Quda,"find all the types of genetic diseases with greater than 1,000 patients .",Genetic disease,,,,,,,,,,,
Quda,"what 's the size of "" kids paint free - drawing fun "" ?",googleplaystore,,,,,,,,,,,
Quda,name me a country that 's happiness score does not coincide with the region it belongs to .,World Happiness Report 2015,,,,,,,,,,,
Quda,show me the distribution of births across all districts in 2017 .,births,,,,,,,,,,,
Quda,tell me the distribution for the book ratings,google_books_dataset,,,,,,,,,,,
Quda,"in terms of the readings , group the similar timestamps for the sants .",air_quality_Nov2017,,,,,,,,,,,
Quda,in the premier league how are the transferred players ages distributed ?,top250-00-19,,,,,,,,,,,
Quda,let me know if there are groups of neighborhoods with similar birth gender ratios .,births,,,,,,,,,,,
Quda,name movies released in 2017 .,netflix_titles,,,,,,,,,,,
Quda,tell me the maximum and minimum number of patients with autism across all regions .,Genetic disease,,,,,,,,,,,
Quda,"what is the percentage of the white population in blount county , alabama ?",population,,,,,,,,,,,
Quda,can you tell me the sales distribution of type 4046 in 2015,avocado,,,,,,,,,,,
Quda,determine in what year the income of undergraduate students was higher ?,Undergraduate_Postgraduate,,,,,,,,,,,
Quda,what is the number of hospitals located in manyara ?,HFS,,,,,,,,,,,
Quda,do you know which videos have more than 100 tags ?,JPvideos,,,,,,,,,,,
Quda,what differences are there among the students who acquired more than 270 points between 2010 -2019 ?,grade-records,,,,,,,,,,,
Quda,tell me a reason why top backcourt players have a higher market value than the top frontcourt player .,top250-00-19,,,,,,,,,,,
Quda,tell me the country with the lowest trust score,World Happiness Report 2015,,,,,,,,,,,
Quda,which player had an abnormal transfer_fee ?,top250-00-19,,,,,,,,,,,
Quda,"provide the total sum of all the separated , divorced , and widowed people in lindi .",marry,,,,,,,,,,,
Quda,"in the videos by "" eminemvevo "" , what are the average number of comments made ?",JPvideos,,,,,,,,,,,
Quda,"out of the winners for best performance by an actor in a motion picture - musical or comedy from 2003 to 2020 , the most abnormal age belongs to which actor ?",golden_globe_awards,,,,,,,,,,,
Quda,can you see any abnormalities in the suicide rates ?,Suicide,,,,,,,,,,,
Quda,is the normal distribuition satisfied by the length of the movies ?,netflix_titles,,,,,,,,,,,
Quda,does a app exist that is much different than the others ?,googleplaystore,,,,,,,,,,,
Quda,is there a correlation between happiness scores and other attributes ?,World Happiness Report 2015,,,,,,,,,,,
Quda,can you name an unusual reason for choosing this school ?,student-mat,,,,,,,,,,,
Quda,i want to see the distribution of the school rankings in geita in 2006 .,schools,,,,,,,,,,,
Quda,sort the movies by length .,netflix_titles,,,,,,,,,,,
Quda,can you rearrange the table by book rating in descending order ?,google_books_dataset,,,,,,,,,,,
Quda,what books have low ratings that seem suspect,google_books_dataset,,,,,,,,,,,
Quda,name the country with the lowest suicide rate .,Suicide,,,,,,,,,,,
Quda,do you know the average number of suicides in europe ?,Suicide,,,,,,,,,,,
Quda,what is the average height of the floors of these buildings ?,list-of-top-100-tallest-buildings,,,,,,,,,,,
Quda,the oldest user was born in what year ?,bike,,,,,,,,,,,
Quda,what are the groups of regions according to three types of avocados sales ratio ?,avocado,,,,,,,,,,,
Quda,filter all the videos published before yesterday .,JPvideos,,,,,,,,,,,
Quda,do the pass rate and the ownership of schools have any correlation ?,schools,,,,,,,,,,,
Quda,"can you tell me , in terms of economy , what is the range across all countries ?",World Happiness Report 2015,,,,,,,,,,,
Quda,"for o3 , what is the distribution value ?",air_quality_Nov2017,,,,,,,,,,,
Quda,what is the total amount of genres ?,googleplaystore,,,,,,,,,,,
Quda,could you show me the list sorted by study time ( longest to shortest ) .,student-mat,,,,,,,,,,,
Quda,"what countries , other than finland , have higher happiness scores and lower gdp ?",World Happiness Report 2015,,,,,,,,,,,
Quda,how long is the run time of average r -rated movies ?,netflix_titles,,,,,,,,,,,
Quda,which position has the highest average of playing time ?,nba-players-by-fouls-per-game,,,,,,,,,,,
Quda,"if you were to average it out , how upbeat would you say the songs are ?",top50,,,,,,,,,,,
Quda,what is the title of the biggest app ?,googleplaystore,,,,,,,,,,,
Quda,"when the score difference is more than 5 , please list the extreme matches to this .",International football results from 1872 to 2019,,,,,,,,,,,
Quda,are there any countries with anomalously low suicides rates ?,Suicide,,,,,,,,,,,
Quda,which videos are missing thumbnail links ?,JPvideos,,,,,,,,,,,
Quda,retrieve the neighborhood with more than 100 female births in ciutat vella in 2013 .,births,,,,,,,,,,,
Quda,what apps have a perfect rating and a lot of reviews ?,googleplaystore,,,,,,,,,,,
Quda,can you organize the results of the table by sorting the list according to the age of the stars ?,golden_globe_awards,,,,,,,,,,,
Quda,tell me the book ratings distribution .,google_books_dataset,,,,,,,,,,,
Quda,"can you list all the results in the table about the movie "" about schmidt ? """,golden_globe_awards,,,,,,,,,,,
Quda,find the distribution by age .,student-mat,,,,,,,,,,,
Quda,can you tell me the area in the previous decade that increased rapidly in the happiness score ?,World Happiness Report 2015,,,,,,,,,,,
Quda,tell me all of the categories of grade types .,grade-records,,,,,,,,,,,
Quda,create a list of schools showing the descending order by change_p .,schools,,,,,,,,,,,
Quda,is there similarities between gdp per capita and suicide rates ?,Suicide,,,,,,,,,,,
Quda,""" plush - bad unboxing fan mail "" belongs to which specific channel ?",JPvideos,,,,,,,,,,,
Quda,which author has worked with dark horse comics most frequently ?,google_books_dataset,,,,,,,,,,,
Quda,which neighborhood in ciutat vella has more than 100 females born in the year 2013 ?,births,,,,,,,,,,,
Quda,show me any clustering there may be in the gdp that has a happiness score of larger than 5 .,World Happiness Report 2015,,,,,,,,,,,
Quda,within the last year have any countries experienced a sudden decrease in happiness score ?,World Happiness Report 2015,,,,,,,,,,,
Quda,can you tell me the range of happiness score in western europe ?,World Happiness Report 2015,,,,,,,,,,,
Quda,"out of all the countries , which ones have a happiness score higher then finland ?",World Happiness Report 2015,,,,,,,,,,,
Quda,see if you can locate the most recent gaming app,googleplaystore,,,,,,,,,,,
Quda,give me the numbers of movies that were released in 2017 .,netflix_titles,,,,,,,,,,,
Quda,tell me free or paid apps have a higher mean rating .,googleplaystore,,,,,,,,,,,
Quda,how can the population of ashley be illustrated to show distribution across five years ?,co-est2002-01-05,,,,,,,,,,,
Quda,can you tell me in what range will the number of countries in each region fall ?,World Happiness Report 2015,,,,,,,,,,,
Quda,which 10 regions have the most health centers ?,HFS,,,,,,,,,,,
Quda,please indicate the friendly tournament matches in which the home team beat the away team .,International football results from 1872 to 2019,,,,,,,,,,,
Quda,tell me all the tournament matches that the home team won against the away team .,International football results from 1872 to 2019,,,,,,,,,,,
Quda,"from all of the universities in london , list the one who has the most faculties .",top-50-us-universities,,,,,,,,,,,
Quda,is there a regional concentration trend in gdp development ?,european-gdp-and-containerized-tra-2,,,,,,,,,,,
Quda,what is the spatial and temporal correlation of albinism ?,Genetic disease,,,,,,,,,,,
Quda,please identify the parameters of the happiness score in western europe .,World Happiness Report 2015,,,,,,,,,,,
Quda,were you aware of the most recent news ?,shooting_player_info,,,,,,,,,,,
Quda,what was the gender of all actors among all the final winners in the 60th ceremony ?,golden_globe_awards,,,,,,,,,,,
Quda,show all the countries with happiness scores higher than 5 .,World Happiness Report 2015,,,,,,,,,,,
Quda,indicate all the travels taking more than 1000 minutes .,bike,,,,,,,,,,,
Quda,how are postgraduate student numbers distributed every year ?,Undergraduate_Postgraduate,,,,,,,,,,,
Quda,how old was david when he was transferred in 2010 ?,top250-00-19,,,,,,,,,,,
Quda,"what percentage of the blount county , alabama population is white ?",population,,,,,,,,,,,
Quda,describe the popularity of the loudest song .,top50,,,,,,,,,,,
Quda,tell me who won the best performance by an actor in a motion picture - drama award at the 60th ceremony .,golden_globe_awards,,,,,,,,,,,
Quda,i would like to review the dispersement of the amount of nominations .,golden_globe_awards,,,,,,,,,,,
Quda,"in the whole table , show me the best record of pm10",air_quality_Nov2017,,,,,,,,,,,
Quda,the clubs should be arranged by their shooting attempts .,shooting_player_info,,,,,,,,,,,
Quda,which genres are included in the dataset ?,googleplaystore,,,,,,,,,,,
Quda,can you help me find some popular songs ?,top50,,,,,,,,,,,
Quda,what is the propensity of the number of vehicles in japan and korea from the year 2000 to 2010 ?,life-expectancy-by-state,,,,,,,,,,,
Quda,please go and get all of the books written in english,google_books_dataset,,,,,,,,,,,
Quda,do countries with high populations wish to slow down population growth ?,sub-est2002-01,,,,,,,,,,,
Quda,were there any countries with abnormally low suicide rates,Suicide,,,,,,,,,,,
Quda,"based on their pollution , group the locations together that are similar .",air_quality_Nov2017,,,,,,,,,,,
Quda,name the continent that contains the greatest number of countries that are top 10 on the happiness index ?,World Happiness Report 2015,,,,,,,,,,,
Quda,sort all the counties in connecticut by the percentages of the hispanic population .,population,,,,,,,,,,,
Quda,"with the suicide larger than 100 , determine the ages in albania .",Suicide,,,,,,,,,,,
Quda,do any countries have happiness scores that don 't match with their gdp ?,World Happiness Report 2015,,,,,,,,,,,
Quda,the country with the lowest suicide rate is ?,Suicide,,,,,,,,,,,
Quda,which video has the most tags ?,JPvideos,,,,,,,,,,,
Quda,look up regions that names start with the letter a .,HFS,,,,,,,,,,,
Quda,"give me a list of videos , ordered by the number of likes , that are on the channel "" eminemvevo """,JPvideos,,,,,,,,,,,
Quda,which group of nations won the most games ?,International football results from 1872 to 2019,,,,,,,,,,,
Quda,is there an average run time for movies ?,netflix_titles,,,,,,,,,,,
Quda,what is the distribution rate of suicide ?,Suicide,,,,,,,,,,,
Quda,"in the 60th ceremony , the award for best performance by an actor in a motion picture was won by whom ?",golden_globe_awards,,,,,,,,,,,
Quda,which apps have support for versions of android lower than 4.0 ?,googleplaystore,,,,,,,,,,,
Quda,are there outliers in the book ratings ?,google_books_dataset,,,,,,,,,,,
Quda,tell me which county has the greatest number of female residents .,population,,,,,,,,,,,
Quda,"of all the countries trust score , which country has the lowest ?",World Happiness Report 2015,,,,,,,,,,,
Quda,"what player had a market value of 50,000,000 and was transferred for 58,500,000 in the 2010‚Äì2011 ?",top250-00-19,,,,,,,,,,,
Quda,"how likely is it that , if i was born in 2000 , i was born in a county with no less than 20,000 people ?",co-est2002-01-05,,,,,,,,,,,
Quda,show me the video with the highest number of tags,JPvideos,,,,,,,,,,,
Quda,make a list of the number of total hfs in descending order .,HFS,,,,,,,,,,,
Quda,does simiyu have a similar structure of peope as that of katavi ?,marry,,,,,,,,,,,
Quda,what is the average count of hospitals ?,HFS,,,,,,,,,,,
Quda,"show me a list of the tripe that take longer than 1,000 minutes .",bike,,,,,,,,,,,
Quda,which actor was nominated for the most awards ?,golden_globe_awards,,,,,,,,,,,
Quda,use the midterm exam and final exam as the 2nd and 1st keywords respectively in order to assign a rank to every one of the students .,grade-records,,,,,,,,,,,
Quda,please look at the o3 data and find the minimum number .,air_quality_Nov2017,,,,,,,,,,,
Quda,calculate the average black population for each state .,population,,,,,,,,,,,
Quda,"for the center forward position , what was the highest market value for the 2011 -2012 season ?",top250-00-19,,,,,,,,,,,
Quda,describe shape of the distribution for the number of installations,googleplaystore,,,,,,,,,,,
Quda,compare the number of tall buildings in hong kong with taiwan .,list-of-top-100-tallest-buildings,,,,,,,,,,,
Quda,what location has the highest number of tall buildings ?,list-of-top-100-tallest-buildings,,,,,,,,,,,
Quda,what did the majority of students receive as a grade ?,grade-records,,,,,,,,,,,
Quda,are the students who are younger more likely to use wechat ?,student_social,,,,,,,,,,,
Quda,which movie is the highest -grossing ?,top-movies,,,,,,,,,,,
Quda,give me the average population rating for ashley in the year 2000 .,co-est2002-01-05,,,,,,,,,,,
Quda,"using the three types of avocado 's sales ratio , provide the groups of regions",avocado,,,,,,,,,,,
Quda,tell me the numbers of the transferred players in different leagues in the 2010 -2011 season .,top250-00-19,,,,,,,,,,,
Quda,can the actors nationality impact the outcome ?,golden_globe_awards,,,,,,,,,,,
Quda,show me the app that costs the most .,googleplaystore,,,,,,,,,,,
Quda,"in terms of length , how long is "" beautiful people "" ?",top50,,,,,,,,,,,
Quda,"based on the number of matches , can you tell me what the distribution of cities is ?",International football results from 1872 to 2019,,,,,,,,,,,
Quda,can you tell me which students have fathers that are teachers ?,student-mat,,,,,,,,,,,
Quda,is there a relationship between the android version of an app and its installations ?,googleplaystore,,,,,,,,,,,
Quda,what was the total amount of goals scored in the game that liverpool played in ?,shooting_player_info,,,,,,,,,,,
Quda,use the final exam as the first keyword and midterm exam as the second keyword to rank all the students .,grade-records,,,,,,,,,,,
Quda,"of fiction books , which are written in english ?",google_books_dataset,,,,,,,,,,,
Quda,could you tell me if there is any correlation between the number of undergraduate and postgraduate students ?,Undergraduate_Postgraduate,,,,,,,,,,,
Quda,what is the number of clinics that are in mara ?,HFS,,,,,,,,,,,
Quda,name the country that scores the least on trust .,World Happiness Report 2015,,,,,,,,,,,
Quda,"indicate the number of likes that "" plush - bad unboxing fan mail "" receives .",JPvideos,,,,,,,,,,,
Quda,"show me the scope , among all the students , of the cw2 score .",grade-records,,,,,,,,,,,
Quda,could you buy a player with his market value higher than a transfer fee ?,top250-00-19,,,,,,,,,,,
Quda,in what manner are good air quality records dispersed throughout the monitored region ?,air_quality_Nov2017,,,,,,,,,,,
Quda,are there any outliers in pm10 readings from a temporal perspective ?,air_quality_Nov2017,,,,,,,,,,,
Quda,what is the range across all the countries in terms of economy ?,World Happiness Report 2015,,,,,,,,,,,
Quda,tell me which genres were mentioned .,top50,,,,,,,,,,,
Quda,does life expectancy have any relation with the percentage of smokers ?,life-expectancy-by-state,,,,,,,,,,,
Quda,what is the total number of all suicides in 1999 ?,Suicide,,,,,,,,,,,
Quda,"organize the countries based on happiness score , with the score limit on each group being 10 .",World Happiness Report 2015,,,,,,,,,,,
Quda,"in cw1 , how many students achieved the feat of 100% , or full marks ?",grade-records,,,,,,,,,,,
Quda,work out the quality of o3,air_quality_Nov2017,,,,,,,,,,,
Quda,put the readings in order according to their pm 10 values .,air_quality_Nov2017,,,,,,,,,,,
Quda,"show me the most recent version of androids "" discover color "" .",googleplaystore,,,,,,,,,,,
Quda,tell me the distribution of travel times between wells st & elm st and lake shore dr & ohio st,bike,,,,,,,,,,,
Quda,please review this dataset and tell me which authors it includes .,google_books_dataset,,,,,,,,,,,
Quda,"what is the number if likes from the "" plush - bad unboxing fan mail "" video ?",JPvideos,,,,,,,,,,,
Quda,what is the average transfer_fee for players who transferred to the premier league ?,top250-00-19,,,,,,,,,,,
Quda,is distribution for pm10 value anything other than normal ?,air_quality_Nov2017,,,,,,,,,,,
Quda,list center -backs by what their transfer_fee was .,top250-00-19,,,,,,,,,,,
Quda,retrieve the students with fathers who work as teachers .,student-mat,,,,,,,,,,,
Quda,show me the distribution of the health score as it is presented in different regions .,World Happiness Report 2015,,,,,,,,,,,
Quda,can you tell me how mara attributes are distributed ?,marry,,,,,,,,,,,
Quda,"when taking different android versions into account , does that have any impact on installation ?",googleplaystore,,,,,,,,,,,
Quda,rank the grades from highest to lowest according to the average score .,grade-records,,,,,,,,,,,
Quda,what 's the distribution of the entire hfs ?,HFS,,,,,,,,,,,
Quda,would there be any clustering of countries in terms of suicide rates,Suicide,,,,,,,,,,,
Quda,which region has the lowest population ratio of hf ?,HFS,,,,,,,,,,,
Quda,is the male to female ratio more imbalanced in the last decade in russia ?,life-expectancy-by-state,,,,,,,,,,,
Quda,create a list showing the ages of people who committed suicide in albania .,Suicide,,,,,,,,,,,
Quda,show me the relationship between age and travel time .,bike,,,,,,,,,,,
Quda,tell me the youngest students in the dataset .,student-mat,,,,,,,,,,,
Quda,show me a day with extremely bad air quality .,air_quality_Nov2017,,,,,,,,,,,
Quda,tell me the average gdp of countries in western europe .,World Happiness Report 2015,,,,,,,,,,,
Quda,"for the gdp of china , has it gone up or down over the last decade ?",Suicide,,,,,,,,,,,
Quda,the games are sorted by experts by their date,shooting_player_info,,,,,,,,,,,
Quda,give me a list of all the free business apps that have received rating that were higher than a 4.5 .,googleplaystore,,,,,,,,,,,
Quda,can you tell me the state which may have the largest average population in the next year ?,sub-est2002-01,,,,,,,,,,,
Quda,can you tell me the attribute ' 'rating ' ' be affected ' 'installation,googleplaystore,,,,,,,,,,,
Quda,is the speed of economic development relative to the population of each country ?,life-expectancy-by-state,,,,,,,,,,,
Quda,which player was the oldest that was transferred ?,top250-00-19,,,,,,,,,,,
Quda,what is the distribution of the leagues who paid for transferred players in 2010 ?,top250-00-19,,,,,,,,,,,
Quda,is the running time of movies recently longer than it used to be ?,netflix_titles,,,,,,,,,,,
Quda,"barcelona 's districts , please list each .",births,,,,,,,,,,,
Quda,tell me the types of jobs the student 's mothers have .,student-mat,,,,,,,,,,,
Quda,how many books have been released by dark horse comics ?,google_books_dataset,,,,,,,,,,,
Quda,state the average income of postgraduate students in each country .,Undergraduate_Postgraduate,,,,,,,,,,,
Quda,what 's the price distribution in beauty apps ?,googleplaystore,,,,,,,,,,,
Quda,discover the most liked removed video,JPvideos,,,,,,,,,,,
Quda,what days had really bad air quality ?,air_quality_Nov2017,,,,,,,,,,,
Quda,can you provide a list of school names in geita ?,schools,,,,,,,,,,,
Quda,can you tell me if there is a correlation between revenue and the release year ?,top-movies,,,,,,,,,,,
Quda,determine if there are any schools in neighboring regions that have similar avg_m .,schools,,,,,,,,,,,
Quda,what is the distribution of all births in all districts between 2013 and 2017 ?,births,,,,,,,,,,,
Quda,can you tell me what peacland english medium school 's change pre is in 2016 ?,schools,,,,,,,,,,,
Quda,enter the regions from this table .,HFS,,,,,,,,,,,
Quda,does this data represent outliers in the number of patients ?,Genetic disease,,,,,,,,,,,
Quda,look for the region that has the most people living in it .,HFS,,,,,,,,,,,
Quda,"which app has a rating that doesn 't follow a trend between installations , rating and number of reviews ?",googleplaystore,,,,,,,,,,,
Quda,organize the countries by their region .,World Happiness Report 2015,,,,,,,,,,,
Quda,give me the count of missing readings in this table .,air_quality_Nov2017,,,,,,,,,,,
Quda,what is the number of postgraduate students for each year ?,Undergraduate_Postgraduate,,,,,,,,,,,
Quda,"show me the data attribute that has the most na values , for example the hardest data points to collect",air_quality_Nov2017,,,,,,,,,,,
Quda,identify the county that has the least population each year .,co-est2002-01-05,,,,,,,,,,,
Quda,the chart teaches them the horsepower range .,vehicle-info,,,,,,,,,,,
Quda,what is the most expensive book and who published it ?,google_books_dataset,,,,,,,,,,,
Quda,can you tell me the median score of the cw1 class ?,grade-records,,,,,,,,,,,
Quda,"for all the regions , can you show me the pattern of the happiness score ?",World Happiness Report 2015,,,,,,,,,,,
Quda,"of all countries , how is the gdp distribution ?",Suicide,,,,,,,,,,,
Quda,list the values of kwema modern pr . school 's change_p in all the years .,schools,,,,,,,,,,,
Quda,what is the app with the most abnormal pattern ?,googleplaystore,,,,,,,,,,,
Quda,do you know the median score of all students in cw1 ?,grade-records,,,,,,,,,,,
Quda,are there an unusually high number of reviews for any of the apps ?,googleplaystore,,,,,,,,,,,
Quda,do movie tags and duration have a connection ?,netflix_titles,,,,,,,,,,,
Quda,what is the distribution of the number based on shape of installations ?,googleplaystore,,,,,,,,,,,
Quda,determine if the running time of movies has increased in recent years .,netflix_titles,,,,,,,,,,,
Quda,are there are special characters included in the title ?,JPvideos,,,,,,,,,,,
Quda,is there an effect on price caused by the app 's genre ?,googleplaystore,,,,,,,,,,,
Quda,how are gdp and mteu correlated ?,european-gdp-and-containerized-tra-2,,,,,,,,,,,
Quda,what are all the countries that have a happiness score similar to fineland . 5 is an acceptable error score,World Happiness Report 2015,,,,,,,,,,,
Quda,what was the number of candidates that were nominated for best performance by an actor in a motion picture -drama at he 60th ceremony ?,golden_globe_awards,,,,,,,,,,,
Quda,what is the range of economy across all the countries,World Happiness Report 2015,,,,,,,,,,,
Quda,what is the average population in 2000 ?,co-est2002-01-05,,,,,,,,,,,
Quda,what neighborhood had 56 boys born in 2017 ?,births,,,,,,,,,,,
Quda,what schools have similar avg_m in the neighboring region ?,schools,,,,,,,,,,,
Quda,how many students received an a ?,grade-records,,,,,,,,,,,
Quda,describe the change in air quality over one day . describe the change in each air pollutant .,air_quality_Nov2017,,,,,,,,,,,
Quda,show a list of similarly rated books .,google_books_dataset,,,,,,,,,,,
Quda,take out the regions with a number of patients larger than 500 .,Genetic disease,,,,,,,,,,,
Quda,show me a university that has more than 30 faculties and more than 50 teachers ?,top-50-us-universities,,,,,,,,,,,
Quda,is there a correlation between apps with more installations and higher ratings ?,googleplaystore,,,,,,,,,,,
Quda,rank countries high to low by their family score .,World Happiness Report 2015,,,,,,,,,,,
Quda,can we conclude that higher happiness comes from higher freedom ?,World Happiness Report 2015,,,,,,,,,,,
Quda,what group of nations of have the most games ?,International football results from 1872 to 2019,,,,,,,,,,,
Quda,remove any regions with a population ratio of hf lower than 1.5 .,HFS,,,,,,,,,,,
Quda,what songs of the pop genrea has sam smith released ?,top50,,,,,,,,,,,
Quda,show me the dates that netflix released movies .,netflix_titles,,,,,,,,,,,
Quda,do videos with longer titles get more attention ?,JPvideos,,,,,,,,,,,
Quda,show me the gdp ranking of european countries .,life-expectancy-by-state,,,,,,,,,,,
Quda,are you aware of any clustering of the seasons in which players were transferred to the premier league ?,top250-00-19,,,,,,,,,,,
Quda,what is the total number of movies released in the year 1998 ?,golden_globe_awards,,,,,,,,,,,
Quda,rank these clubs by their shooting attempts .,shooting_player_info,,,,,,,,,,,
Quda,can you tell me what movie won best original score in a motion picture in 1997 ?,golden_globe_awards,,,,,,,,,,,
Quda,universities with similar number of teachers,top-50-us-universities,,,,,,,,,,,
Quda,does any movies not have a description ?,netflix_titles,,,,,,,,,,,
Quda,could you search all available values for pm10 quality .,air_quality_Nov2017,,,,,,,,,,,
Quda,"to cluster the states in the us , i wish to use middle income .",life-expectancy-by-state,,,,,,,,,,,
Quda,the population range needs to be discovered .,HFS,,,,,,,,,,,
Quda,select all cw1 scores not less than 80% .,grade-records,,,,,,,,,,,
Quda,what is the correlation between the nomination and the age of a star ?,golden_globe_awards,,,,,,,,,,,
Quda,"in each year , what is the distribution of the number of postgraduates ?",Undergraduate_Postgraduate,,,,,,,,,,,
Quda,"tell me the most pricey apps by release date , recent to oldest .",googleplaystore,,,,,,,,,,,
Quda,provide the distribution of the sales in 2015 of type 4046 .,avocado,,,,,,,,,,,
Quda,what dimension of the happiness index has the maximum fluctuation ?,World Happiness Report 2015,,,,,,,,,,,
Quda,find out any app that is distinctive from the rest .,googleplaystore,,,,,,,,,,,
Quda,arrange the students by grade and furnish me with a list .,grade-records,,,,,,,,,,,
Quda,"looking at the number of people in all regions with a visual impairment , what is the median ?",Genetic disease,,,,,,,,,,,
Quda,what countries have won a similar number of games ?,International football results from 1872 to 2019,,,,,,,,,,,
Quda,are the o3 value and the pm10 value dependent on each other ?,air_quality_Nov2017,,,,,,,,,,,
Quda,do all the countries in africa have a lower average pci than all the countries in europe ?,life-expectancy-by-state,,,,,,,,,,,
Quda,"across the monitored region , what is the distribution of records for good air quality ?",air_quality_Nov2017,,,,,,,,,,,
Quda,produce a list of book titles published during the current year .,google_books_dataset,,,,,,,,,,,
Quda,is there a typical film lengths group ?,top-movies,,,,,,,,,,,
Quda,retrieve the country that has had a sudden decrease in happiness score within a year .,World Happiness Report 2015,,,,,,,,,,,
Quda,list the top 10 gaming apps sorted from highest to lowest installations .,googleplaystore,,,,,,,,,,,
Quda,i 'm wondering would the travel time decrease for students if they spent more time studying ?,student-mat,,,,,,,,,,,
Quda,do you know of any trip that would take longer than 1000 minutes ?,bike,,,,,,,,,,,
Quda,the universities cover which locations ?,top-50-us-universities,,,,,,,,,,,
Quda,are there singers who span multiple genres ?,top50,,,,,,,,,,,
Quda,"across all regions , what is the happiness score pattern ?",World Happiness Report 2015,,,,,,,,,,,
Quda,can you tell me the price distribution of all the beauty apps ?,googleplaystore,,,,,,,,,,,
Quda,has there been an increase or decrease in the gdp of china over the last 10 years,Suicide,,,,,,,,,,,
Quda,does the value distribution of albinism look skewed ?,Genetic disease,,,,,,,,,,,
Quda,at what point was data added to the table for netflix ?,netflix_titles,,,,,,,,,,,
Quda,which of these school have a pass rate of over 90 ?,schools,,,,,,,,,,,
Quda,what is the distribution of the total points of the students ?,grade-records,,,,,,,,,,,
Quda,the health score is highest in which country ?,World Happiness Report 2015,,,,,,,,,,,
Quda,what is the teacher distribution of new york universities ?,top-50-us-universities,,,,,,,,,,,
Quda,would teachers in harvard be considered outliers if the university was in new york ?,top-50-us-universities,,,,,,,,,,,
Quda,"tell me about the "" plush - bad unboxing fan mail "" video .",JPvideos,,,,,,,,,,,
Quda,was the same midterm exam given to velma paul and glynis caine ?,grade-records,,,,,,,,,,,
Quda,is the total attribute of one area equal to the sum of the other attributes in any area ?,marry,,,,,,,,,,,
Quda,name any apps that can support any version of android lower than 4.0 .,googleplaystore,,,,,,,,,,,
Quda,the highest health score is held by which country ?,World Happiness Report 2015,,,,,,,,,,,
Quda,is there an obvious clustering ?,Genetic disease,,,,,,,,,,,
Quda,what is the number of divisions in harvard university ?,top-50-us-universities,,,,,,,,,,,
Quda,would more time spent on studying reduce travel time for students ?,student-mat,,,,,,,,,,,
Quda,could you tell me the continental location of the poorest ( lowest income ) country ?,life-expectancy-by-state,,,,,,,,,,,
Quda,can you show me how the likes are distributed ?,JPvideos,,,,,,,,,,,
Quda,do you feel that midfield players have a lower market value than front court players ?,top250-00-19,,,,,,,,,,,
Quda,dark horse comic has how many books ?,google_books_dataset,,,,,,,,,,,
Quda,"when looking at the average income in european countries , what is the variance ?",life-expectancy-by-state,,,,,,,,,,,
Quda,what are the minimum and maximum populations of the chinese provinces ?,life-expectancy-by-state,,,,,,,,,,,
Quda,kindly rate the regions on the basis of the number of patients,Genetic disease,,,,,,,,,,,
Quda,do any regions have their population ratio over 2.0 hf ?,HFS,,,,,,,,,,,
Quda,please help me identify the least common age .,student-mat,,,,,,,,,,,
Quda,"how much revenue did "" titanic "" earn ?",top-movies,,,,,,,,,,,