gemini_query,gemini_positive matches,gemini_llm only matches,gemini_gt only matches,gemini_correct task inferences,gemini_missed task inferences,gemini_correct goal classifications,gemini_missing goal classifications,gemini_positive matches count,gemini_llm only matches count,gemini_gt only matches count,gemini_correct task inferences count,gemini_missed task inferences count
"in terms of the readings, group the similar timestamps for the sants",[],"['relationship', 'group']","['similarity', 'filter']",[],[],False,False,0,2,2,0,0
"for o3, what is the distribution value",[],['find extremum'],['characterize distribution'],[],[],True,False,0,1,1,0,0
"in the whole table, show me the best record of pm10",[],['find extreme'],['retrieve value'],[],[],True,False,0,1,1,0,0
"based on their pollution, group the locations together that are similar",['cluster'],[],[],[],[],False,False,1,0,0,0,0
please look at the o3 data and find the minimum number,['find extremum'],[],[],[],[],True,False,1,0,0,0,0
in what manner are good air quality records dispersed throughout the monitored region,[],['relationship'],"['distribution', 'filter']",[],[],False,False,0,1,2,0,0
are there any outliers in pm10 readings from a temporal perspective,[],['find extremum'],['find anomalies'],[],[],True,False,0,1,1,0,0
work out the quality of o3,['retrieve value'],[],[],['retrieve value'],['retrieve value'],False,False,1,0,0,1,1
put the readings in order according to their pm 10 values,['sort'],[],[],[],[],False,False,1,0,0,0,0
is distribution for pm10 value anything other than normal,[],['distribution'],['characterize distribution'],[],[],False,False,0,1,1,0,0
show me a day with extremely bad air quality,[],['find extreme'],['filter'],[],[],False,False,0,1,1,0,0
what days had really bad air quality,[],['find extreme'],['filter'],[],[],True,False,0,1,1,0,0
give me the count of missing readings in this table,[],['count'],['retrieve value'],[],[],True,False,0,1,1,0,0
"show me the data attribute that has the most na values, for example the hardest data points to collect",[],['find extreme'],['filter'],[],[],False,False,0,1,1,0,0
describe the change in air quality over one day describe the change in each air pollutant,['trend'],[],[],['trend'],['trend'],False,False,1,0,0,1,1
could you search all available values for pm10 quality,['retrieve value'],[],[],['retrieve value'],['retrieve value'],False,False,1,0,0,1,1
are the o3 value and the pm10 value dependent on each other,[],['correlation'],['dependency'],[],[],False,False,0,1,1,0,0
"across the monitored region, what is the distribution of records for good air quality",['distribution'],[],"['summarize', 'filter']",[],[],False,False,1,0,2,0,0
what months are hurricanes most common,['find extremum'],[],[],[],[],True,False,1,0,0,0,0
where are storms most common depending on the time of year,[],"['retrieve value', 'relationship']",['compare'],[],[],False,False,0,2,1,0,0
are there more storms in recent years,[],"['find pattern', 'compare']",['characterize distribution'],[],[],False,False,0,2,1,0,0
what does the distribution of the storms look like,[],['distribution'],['characterize distribution'],[],[],True,False,0,1,1,0,0
what is the most frequent status over the year,['find extremum'],[],[],['find extremum'],['find extremum'],False,False,1,0,0,1,1
"what is the main factor depending on different status (wind, time, pressure, or etc)",[],['correlation'],['dependency'],[],[],True,False,0,1,1,0,0
what was the name of the earliest storm,['retrieve value'],[],[],[],[],False,False,1,0,0,0,0
how many hurricanes,[],['count'],"['compute derived value', 'filter']",[],[],False,False,0,1,2,0,0
what is the name of the largest storm,[],"['retrieve value', 'find extreme']",['find extremum'],[],[],False,False,0,2,1,0,0
what storm produced the greatest air pressure,[],"['retrieve value', 'find extreme']",['find extremum'],[],[],False,False,0,2,1,0,0
how many storms are named caroline,['retrieve value'],[],[],['retrieve value'],['retrieve value'],False,False,1,0,0,1,1
what storm produced the least air pressure,[],"['retrieve value', 'find extreme']",['find extremum'],[],[],False,False,0,2,1,0,0
what storm had the greatest diameter of tropical storm strength winds,['find extremum'],['retrieve value'],['filter'],['find extremum'],['find extremum'],False,False,1,1,1,1,1
what storm had the greatest diameter of hurricane strength winds,['find extremum'],[],['filter'],['find extremum'],['find extremum'],False,False,1,0,1,1,1
"how many storms occur per year, on average",[],['retrieve value'],['compute derived value'],[],[],False,False,0,1,1,0,0
"on average, what is the first date that a tropical cyclone (tropical depression, tropical storm, or hurricane) forms on every year",[],['find extreme'],"['compute derived value', 'filter']",[],[],True,False,0,1,2,0,0
is there a correlation between wind speed and air pressure,[],['correlation'],['correlate'],[],[],False,False,0,1,1,0,0
is there a correlation between the duration of the storm and wind speed,[],['correlation'],['correlate'],[],[],False,False,0,1,1,0,0
where have all hurricanes been recorded on the globe where are they more common,[],"['plot', 'distribution']","['characterize distribution', 'filter']",[],[],True,False,0,2,2,0,0
what lat/long locations are most likely to experience hurricanes,[],['correlation'],"['characterize distribution', 'filter']",[],[],True,False,0,1,2,0,0
what are lengths/timings of hurricane seasons in different regions of the world,[],['correlation'],"['compute derived value', 'compare']",[],[],True,False,0,1,2,0,0
what is the average storm length,[],['find average'],['compute derived value'],[],[],True,False,0,1,1,0,0
what is the average time that it takes to go from depression to storm,[],['find extremum'],['compute derived value'],[],[],False,False,0,1,1,0,0
"what is the relationship, if any, between wind and pressure",['correlation'],[],[],[],[],False,False,1,0,0,0,0
how does wind change over the course of each hurricane,['trend'],[],['filter'],[],[],False,False,1,0,1,0,0
average tropical storm diameter,[],['find average'],"['compute derived value', 'filter']",[],[],False,False,0,1,2,0,0
what is the relationship between storm day and hu_diameter,[],['correlation'],['dependency'],[],[],False,False,0,1,1,0,0
are there any repeat names of storms,[],['find extremum'],['summarize'],[],[],True,False,0,1,1,0,0
what month has the strongest hurricanes,[],['find extreme'],"['find extremum', 'filter']",[],[],True,False,0,1,2,0,0
how has wind speed changed over time,['trend'],[],[],['trend'],['trend'],True,False,1,0,0,1,1
what is the maximum pressure of a certain hurricane,[],['find extreme'],"['find extremum', 'summarize', 'filter']",[],[],False,False,0,1,3,0,0
relationship between position and the strength of the hurricane,[],['correlation'],"['dependency', 'filter']",[],[],False,False,0,1,2,0,0
average time for each hurricane status,[],['average'],"['compute derived value', 'compare']",[],[],False,False,0,1,2,0,0
which hurricane lasted the longest,[],['find extremum'],"['compare', 'filter']",[],[],True,False,0,1,2,0,0
can you tell me the sales distribution of type 4046 in 2015,[],"['retrieve value', 'compare']","['distribution', 'filter']",[],[],False,False,0,2,2,0,0
what are the groups of regions according to three types of avocados sales ratio,[],"['comparison', 'relationship']",['cluster'],[],[],True,False,0,2,1,0,0
"using the three types of avocado's sales ratio, provide the groups of regions",,,,,,,,,,,,
provide the distribution of the sales in 2015 of type 4046,['distribution'],[],['filter'],['distribution'],['distribution'],False,False,1,0,1,1,1
the oldest user was born in what year,[],['retrieve value'],['find extremum'],[],[],False,False,0,1,1,0,0
indicate all the travels taking more than 1000 minutes,[],['retrieve value'],['characterize distribution'],[],[],True,False,0,1,1,0,0
"show me a list of the tripe that take longer than 1,000 minutes",[],['find extreme'],['retrieve value'],[],[],True,False,0,1,1,0,0
tell me the distribution of travel times between wells st & elm st and lake shore dr & ohio st,[],['distribution'],['characterize distribution'],[],[],False,False,0,1,1,0,0
do you know of any trip that would take longer than 1000 minutes,[],['find extremum'],['characterize distribution'],[],[],True,False,0,1,1,0,0
show me a list of neighborhoods with the number of male births from least to most,[],['sort'],['retrieve value'],[],[],False,False,0,1,1,0,0
show me the distribution of births across all districts in 2017,['distribution'],[],['filter'],[],[],False,False,1,0,1,0,0
let me know if there are groups of neighborhoods with similar birth gender ratios,[],['comparison'],"['compares', 'culstering']",[],[],False,False,0,1,2,0,0
retrieve the neighborhood with more than 100 female births in ciutat vella in 2013,[],['find extremum'],"['retrieve value', 'filter']",[],[],True,False,0,1,2,0,0
which neighborhood in ciutat vella has more than 100 females born in the year 2013,[],['find extremum'],"['retrieve value', 'filter']",[],[],False,False,0,1,2,0,0
"barcelona's districts, please list each",[],['list'],"['retrieve value', 'filter']",[],[],True,False,0,1,2,0,0
what is the distribution of all births in all districts between 2013 and 2017,['distribution'],[],['filter'],[],[],True,False,1,0,1,0,0
what neighborhood had 56 boys born in 2017,[],['find extremum'],"['retrieve value', 'filter']",[],[],True,False,0,1,2,0,0
is there a correlation between acceleration and horsepower,['correlation'],[],[],[],[],True,False,1,0,0,0,0
how many heavy cars are in the dataset,[],['retrieve value'],['compute derived value'],[],[],True,False,0,1,1,0,0
are there any american 5 cylinder cars,[],['retrieve value'],['filter'],[],[],True,False,0,1,1,0,0
how does displacement relate to fuel economy for cars from europe v usa,[],['correlation'],"['dependency', 'filter']",[],[],False,False,0,1,2,0,0
which cylinder cars have the highest fuel economy,[],['find extreme'],['dependency'],[],[],False,False,0,1,1,0,0
which countries have the most cars in this dataset,[],['retrieve value'],"['compare', 'find extremum']",[],[],True,False,0,1,2,0,0
which countries have the highest acceleration for cars of different cylinders,[],"['retrieve value', 'comparison', 'find extreme']",['compare'],[],[],True,False,0,3,1,0,0
how do the horsepowers of the cars from different regions change with years,[],['relationship'],['trend'],[],[],True,False,0,1,1,0,0
the distribution of the number of cylinders of cars based on different origins,['distribution'],[],['compare'],[],[],False,False,1,0,1,0,0
what is the correlation between displacement and mpg of cars with different origins,['correlation'],[],[],[],[],True,False,1,0,0,0,0
count the number of cars based on their origins,[],['count'],['compare'],[],[],True,False,0,1,1,0,0
what is the correlation between horsepower and acceleration,['correlation'],[],[],[],[],False,False,1,0,0,0,0
is there a correlation between cars' horsepower and acceleration,['correlation'],[],[],[],[],False,False,1,0,0,0,0
"how does displacement relate to mpg for individual models, partitioned by country",[],['correlation'],['dependency'],[],[],True,False,0,1,1,0,0
"how does weight relate to acceleration for car models, small multiples by origin",[],"['relationship', 'comparison']",['dependency'],[],[],True,False,0,2,1,0,0
how does horsepower relate to acceleration for individual car models,[],['relationship'],['correlation'],[],[],True,False,0,1,1,0,0
"compare the number of models in usa, japan and europe",[],['comparison'],"['compare', 'filter']",[],[],True,False,0,1,2,0,0
does higher horsepower mean lower acceleration,['correlation'],[],[],[],[],False,False,1,0,0,0,0
how many cylinders do cars manufactured in different countries have,[],['retrieve value'],['compare'],[],[],True,False,0,1,1,0,0
compare car cylinder count against acceleration across countries,[],['relationship'],['compare'],[],[],False,False,0,1,1,0,0
how many cars do each country manufacture,[],['count'],['characterize distribution'],[],[],False,False,0,1,1,0,0
what's the mileage for cars based on the number of cylinders present,[],['correlation'],['characterize distribution'],[],[],False,False,0,1,1,0,0
does higher cylinder count mean mean lower mileage,['correlation'],[],[],['correlation'],['correlation'],True,False,1,0,0,1,1
how does mileage relate to cylinder count,[],['relationship'],['dependency'],[],[],True,False,0,1,1,0,0
what is the average mpg for different cylinders,[],['comparison'],['characterize distribution'],[],[],True,False,0,1,1,0,0
what is the relation between horsepower and acceleration,['correlation'],[],[],[],[],True,False,1,0,0,0,0
how weight varies each year,[],['trend'],['characterize distribution'],[],[],False,False,0,1,1,0,0
how is acceleration related to horsepower,[],['relationship'],['correlation'],[],[],False,False,0,1,1,0,0
how has horsepower changed over time by country,['trend'],['correlation'],['characterize distribution'],['trend'],['trend'],True,False,1,1,1,1,1
have cars gotten lighter over time,['trend'],[],[],['trend'],['trend'],True,False,1,0,0,1,1
how many models are proudced by each country,[],['retrieve value'],['characterize distribution'],[],[],True,False,0,1,1,0,0
what is the average weight of cars over time,['trend'],[],[],['trend'],['trend'],True,False,1,0,0,1,1
what is the distribution of weight across all cars,[],['distribution'],['characterize distribution'],[],[],True,False,0,1,1,0,0
how much do various cars weigh,[],['retrieve value'],['characterize distribution'],[],[],True,False,0,1,1,0,0
what is the range of weights for all cars,[],['find extreme'],['determine range'],[],[],True,False,0,1,1,0,0
where do the cars originate from,[],['retrieve value'],['characterize distribution'],[],[],False,False,0,1,1,0,0
how has avg (horsepower) evolved over time | segregate it by the car origin,['trend'],['comparison'],['comparisoon'],['trend'],['trend'],True,False,1,1,1,1,1
compare avg (acceleration) with cylinders | segregate the cylinders by their origin,[],"['comparison', 'correlation']",['compare'],[],[],False,False,0,2,1,0,0
how does avg (weight) evolve over the years,[],['correlation'],['trend'],[],[],True,False,0,1,1,0,0
how does the acceleration of cars from different countries vary by the number of cylinders,[],['relationship'],['compare'],[],[],True,False,0,1,1,0,0
how does acceleration vary by weight for cars from different regions,[],['relationship'],['dependency'],[],[],True,False,0,1,1,0,0
what is the average mpg for cars with different cylinders,[],['comparison'],['dependency'],[],[],True,False,0,1,1,0,0
how does mpg vary by the number of cylinders in a car,[],['relationship'],['characterize distribution'],[],[],False,False,0,1,1,0,0
how does acceleration change with horsepower,[],['relationship'],['correlation'],[],[],False,False,0,1,1,0,0
how does acceleration behave compared to horsepower,[],['relationship'],['correlation'],[],[],False,False,0,1,1,0,0
how many cars are from each region,[],['count'],['characterize distribution'],[],[],False,False,0,1,1,0,0
"how does mpg compare to displacement, broken out by region",['compare'],[],[],[],[],False,False,1,0,0,0,0
"for each region, how does a car's mpg vary with displacement",[],['relationship'],['compare'],[],[],False,False,0,1,1,0,0
how has horsepower changed over time in each region,['trend'],['comparison'],['compare'],['trend'],['trend'],False,False,1,1,1,1,1
what is the breakdown of cars by the number of cylinders in each region,[],"['distribution', 'comparison']",['characterize distribution'],[],[],True,False,0,2,1,0,0
how many cars have various numbers of cylinders in each region,[],['retrieve value'],['compute derived value'],[],[],False,False,0,1,1,0,0
what is the average weight of cars by model year,[],['summarize'],['characterize distribution'],[],[],True,False,0,1,1,0,0
how has the average weight of cars changed over the years,['trend'],[],[],[],[],True,False,1,0,0,0,0
how can the population of ashley be illustrated to show distribution across five years,['distribution'],[],['filter'],[],[],True,False,1,0,1,0,0
"how likely is it that, if i was born in 2000, i was born in a county with no less than 20,000 people",[],['find likelihood'],"['dependency', 'filter']",[],[],False,False,0,1,2,0,0
give me the average population rating for ashley in the year 2000,['summarize'],[],[],['summarize'],['summarize'],True,False,1,0,0,1,1
identify the county that has the least population each year,['find extremum'],[],[],['find extremum'],['find extremum'],True,False,1,0,0,1,1
what is the average population in 2000,[],['find average'],['summarize'],[],[],True,False,0,1,1,0,0
is there a regional concentration trend in gdp development,[],"['find trend', 'find pattern']",['trend'],[],[],True,False,0,2,1,0,0
how are gdp and mteu correlated,['correlation'],[],[],[],[],False,False,1,0,0,0,0
is there an outlier within the value distribution of albinism that causes the result to be skewed,[],['find extremum'],['find anomalies'],[],[],False,False,0,1,1,0,0
"find all the types of genetic diseases with greater than 1,000 patients",[],['find extremum'],['retrieve value'],[],[],True,False,0,1,1,0,0
tell me the maximum and minimum number of patients with autism across all regions,[],['find extreme'],['find extremum'],[],[],False,False,0,1,1,0,0
what is the spatial and temporal correlation of albinism,['correlation'],[],[],[],[],False,False,1,0,0,0,0
does this data represent outliers in the number of patients,[],['find outlier'],['find anomalies'],[],[],True,False,0,1,1,0,0
take out the regions with a number of patients larger than 500,[],['filter'],['compute derived value'],[],[],True,False,0,1,1,0,0
"looking at the number of people in all regions with a visual impairment, what is the median",[],['find extremum'],['characterize distribution'],[],[],True,False,0,1,1,0,0
does the value distribution of albinism look skewed,[],"['retrieve value', 'trend']",['characterize distribution'],[],[],True,False,0,2,1,0,0
is there an obvious clustering,[],['find pattern'],['cluster'],[],[],True,False,0,1,1,0,0
kindly rate the regions on the basis of the number of patients,[],['compare'],"['sort', 'summarize']",[],[],False,False,0,1,2,0,0
give me the movie that received the most nominations,[],['retrieve value'],['find extremum'],[],[],True,False,0,1,1,0,0
"out of the winners for best performance by an actor in a motion picture- musical or comedy from 2003 to 2020, the most abnormal age belongs to which actor",[],"['find extremum', 'retrieve value']",[''],[],[],False,False,0,2,1,0,0
can you organize the results of the table by sorting the list according to the age of the stars,,,,,,,,,,,,
can you list all the results in the table about the movie ' about  ',[],['retrieve value'],['filter'],[],[],True,False,0,1,1,0,0
what was the gender of all actors among all the final winners in the 60th ceremony,,,,,,,,,,,,
tell me who won the best performance by an actor in a motion picture- drama award at the 60th ceremony,[],['find extremum'],"['retrieve value', 'filter']",[],[],True,False,0,1,2,0,0
can you list all the results in the table about the movie ' about schmidt ',[],['retrieve value'],['filter'],[],[],True,False,0,1,1,0,0
i would like to review the dispersement of the amount of nominations,[],['distribution'],['characterize distribution'],[],[],False,False,0,1,1,0,0
"in the 60th ceremony, the award for best performance by an actor in a motion picture was won by whom",['retrieve value'],[],['filter'],['retrieve value'],['retrieve value'],True,False,1,0,1,1,1
which actor was nominated for the most awards,[],['find extreme'],['retrieve value'],[],[],True,False,0,1,1,0,0
can the actors nationality impact the outcome,,,,,,,,,,,,
what was the number of candidates that were nominated for best performance by an actor in a motion picture-drama at he 60th ceremony,[],['count'],"['retrieve value', 'filter']",[],[],True,False,0,1,2,0,0
what is the total number of movies released in the year 1998,[],['find extreme'],"['summarize', 'filter']",[],[],True,False,0,1,2,0,0
can you tell me what movie won best original score in a motion picture in 1997,['retrieve value'],[],['filter'],[],[],True,False,1,0,1,0,0
what is the correlation between the nomination and the age of a star,['correlation'],[],[],[],[],True,False,1,0,0,0,0
tell me the distribution for the book ratings,[],['distribution'],['characterize distribution'],[],[],False,False,0,1,1,0,0
can you rearrange the table by book rating in descending order,['sort'],[],[],[],[],False,False,1,0,0,0,0
what books have low ratings that seem suspect,[],['retrieve value'],['filter'],[],[],True,False,0,1,1,0,0
tell me the book ratings distribution,[],['distribution'],['characterize distribution'],[],[],False,False,0,1,1,0,0
which author has worked with dark horse comics most frequently,[],"['retrieve value', 'find extreme']","['find extremum', 'filter']",[],[],True,False,0,2,2,0,0
please go and get all of the books written in english,[],['retrieve value'],['filter'],[],[],True,False,0,1,1,0,0
are there outliers in the book ratings,[],['find extremum'],['find anomalies'],[],[],False,False,0,1,1,0,0
"of fiction books, which are written in english",[],['filter'],['retrieve value'],[],[],False,False,0,1,1,0,0
please review this dataset and tell me which authors it includes,['retrieve value'],[],[],['retrieve value'],['retrieve value'],True,False,1,0,0,1,1
how many books have been released by dark horse comics,[],['retrieve value'],['filter'],[],[],False,False,0,1,1,0,0
what is the most expensive book and who published it,['find extremum'],[],[],['find extremum'],['find extremum'],False,False,1,0,0,1,1
show a list of similarly rated books,[],['retrieve value'],['similarity'],[],[],False,False,0,1,1,0,0
produce a list of book titles published during the current year,[],['list'],['retrieve value'],[],[],True,False,0,1,1,0,0
dark horse comic has how many books,[],['retrieve value'],[],['retrieve value'],['retrieve value'],True,False,0,1,0,1,1
what is the total number of categories,[],['retrieve value'],['summarize'],[],[],True,False,0,1,1,0,0
can you tell me the total number of categories,[],['retrieve value'],['summarize'],[],[],True,False,0,1,1,0,0
what's the size of ' kids paint free- drawing fun ',['retrieve value'],[],['filter'],[],[],True,False,1,0,1,0,0
does a app exist that is much different than the others,[],['comparison'],['find anomalies'],[],[],True,False,0,1,1,0,0
what is the total amount of genres,['summarize'],['retrieve value'],[],[],[],False,False,1,1,0,0,0
what is the title of the biggest app,[],['find extreme'],['find extremum'],[],[],True,False,0,1,1,0,0
what apps have a perfect rating and a lot of reviews,[],"['find extremum', 'comparison']",['filter'],[],[],False,False,0,2,1,0,0
see if you can locate the most recent gaming app,['find extremum'],['retrieve value'],['filter'],[],[],True,False,1,1,1,0,0
tell me free or paid apps have a higher mean rating,[],['comparison'],['filter'],[],[],True,False,0,1,1,0,0
which genres are included in the dataset,[],['retrieve value'],['summarize'],[],[],False,False,0,1,1,0,0
which apps have support for versions of android lower than 40,[],['find extreme'],"['retrieve value', 'filter']",[],[],True,False,0,1,2,0,0
describe shape of the distribution for the number of installations,[],['distribution'],['characterize distribution'],[],[],True,False,0,1,1,0,0
show me the app that costs the most,[],['retrieve value'],['find extremum'],[],[],True,False,0,1,1,0,0
is there a relationship between the android version of an app and its installations,[],['correlation'],['dependency'],[],[],False,False,0,1,1,0,0
show me the most recent version of androids ' discover color ',[],['retrieve value'],['find extremum'],[],[],True,False,0,1,1,0,0
"when taking different android versions into account, does that have any impact on installation",[],['correlation'],['dependency'],[],[],True,False,0,1,1,0,0
give me a list of all the free business apps that have received rating that were higher than a 45,[],"['filter', 'find extreme']",['retrieve value'],[],[],True,False,0,2,1,0,0
can you tell me the attribute 'rating ' be affected 'installation,[],['correlation'],['characterize distribution'],[],[],False,False,0,1,1,0,0
what's the price distribution in beauty apps,[],['distribution'],"['characterize distribution', 'filter']",[],[],False,False,0,1,2,0,0
"which app has a rating that doesn 't follow a trend between installations, rating and number of reviews",[],['find exception'],['find anomalies'],[],[],True,False,0,1,1,0,0
what is the app with the most abnormal pattern,[],['find extremum'],['find anomalies'],[],[],True,False,0,1,1,0,0
are there an unusually high number of reviews for any of the apps,[],['find extremum'],['find anomalies'],[],[],True,False,0,1,1,0,0
what is the distribution of the number based on shape of installations,[],['distribution'],['characterize distribution'],[],[],False,False,0,1,1,0,0
is there an effect on price caused by the app's genre,[],['relationship'],['dependency'],[],[],True,False,0,1,1,0,0
is there a correlation between apps with more installations and higher ratings,['correlation'],[],[],[],[],False,False,1,0,0,0,0
"tell me the most pricey apps by release date, recent to oldest",[],"['retrieve value', 'find extremum', 'trend']",['sort'],[],[],False,False,0,3,1,0,0
find out any app that is distinctive from the rest,[],['find extremum'],['find anomalies'],[],[],True,False,0,1,1,0,0
list the top 10 gaming apps sorted from highest to lowest installations,['sort'],['retrieve value'],['filter'],[],[],False,False,1,1,1,0,0
can you tell me the price distribution of all the beauty apps,[],['distribution'],"['characterize distribution', 'filter']",[],[],False,False,0,1,2,0,0
name any apps that can support any version of android lower than 40,['retrieve value'],[],['filter'],['retrieve value'],['retrieve value'],False,False,1,0,1,1,1
what differences are there among the students who acquired more than 270 points between 2010-2019,[],['comparison'],"['compare', 'filter']",[],[],True,False,0,1,2,0,0
tell me all of the categories of grade types,[],['retrieve value'],['summarize'],[],[],False,False,0,1,1,0,0
use the midterm exam and final exam as the 2nd and 1st keywords respectively in order to assign a rank to every one of the students,[],['rank'],['sort'],[],[],True,False,0,1,1,0,0
what did the majority of students receive as a grade,[],['retrieve value'],['characterize distribution'],[],[],True,False,0,1,1,0,0
use the final exam as the first keyword and midterm exam as the second keyword to rank all the students,[],['rank'],['sort'],[],[],False,False,0,1,1,0,0
"show me the scope, among all the students, of the cw2 score",[],['retrieve value'],['characterize distribution'],[],[],False,False,0,1,1,0,0
"in cw1, how many students achieved the feat of 100%, or full marks",[],['count'],['filter'],[],[],True,False,0,1,1,0,0
rank the grades from highest to lowest according to the average score,[],['rank'],['sort'],[],[],True,False,0,1,1,0,0
can you tell me the median score of the cw1 class,[],['retrieve value'],['compute derived value'],[],[],True,False,0,1,1,0,0
do you know the median score of all students in cw1,[],['retrieve value'],['compute derived value'],[],[],True,False,0,1,1,0,0
how many students received an a,[],['retrieve value'],['filter'],[],[],False,False,0,1,1,0,0
select all cw1 scores not less than 80%,[],['retrieve value'],['filter'],[],[],False,False,0,1,1,0,0
arrange the students by grade and furnish me with a list,[],['rank'],['sort'],[],[],True,False,0,1,1,0,0
was the same midterm exam given to velma paul and glynis caine,[],['compare'],['retrieve value'],[],[],True,False,0,1,1,0,0
what is the relationship between level of education and crime rate,[],['relationship'],['dependency'],[],[],True,False,0,1,1,0,0
are there any visible trends in violent crime rates over the time period,['trend'],[],[],[],[],True,False,1,0,0,0,0
what is the most frequent place of violent crime,[],['find extreme'],['characterize distribution'],[],[],False,False,0,1,1,0,0
are there any correlations between crime types and geographic location,['correlation'],[],[],[],[],True,False,1,0,0,0,0
what is the distribution for non-violent crimes based on age,[],['distribution'],['characterize distribution'],[],[],True,False,0,1,1,0,0
are there any correlations in violent or non-violent crimes based on congressional district and year,['correlation'],[],[],[],[],True,False,1,0,0,0,0
is there a somewhat even distribution between the year and congressional district,[],['relationship'],['characterize distribution'],[],[],True,False,0,1,1,0,0
what city has the highest crime rate,[],['find extremum'],['compare'],[],[],False,False,0,1,1,0,0
what’s the frequency of gun violence incidents with multiple victims,[],['count'],['characterize distribution'],[],[],False,False,0,1,1,0,0
how many gun violence incidents are there each year,[],['find extremum'],['characterize distribution'],[],[],True,False,0,1,1,0,0
are there any significant correlations between any 2 variables in the dataset,['correlation'],[],[],[],[],False,False,1,0,0,0,0
how many incidents of gun violence result in death (ie what proportion are fatal vs non-fatal),[],['find proportion'],['summarize'],[],[],False,False,0,1,1,0,0
what鈥檚 the frequency of gun violence incidents with multiple victims,[],['count'],['characterize distribution'],[],[],False,False,0,1,1,0,0
are males or females more likely to die of gun violence,[],['comparison'],['compare'],[],[],False,False,0,1,1,0,0
is one sex more likely to perpetrate gun violence,[],['comparison'],['compare'],[],[],False,False,0,1,1,0,0
is more gun violence committed with stolen guns or non stolen guns,[],['comparison'],['compare'],[],[],False,False,0,1,1,0,0
how have homicide rates increased over time,['trend'],[],['filter'],[],[],False,False,1,0,1,0,0
what type of gun violence has seen the most growth over the years,[],['find extremum'],"['compare', 'trend']",[],[],False,False,0,1,2,0,0
are most gun death because of suicide,[],['comparison'],"['compare', 'filter']",[],[],False,False,0,1,2,0,0
did most gun violence happen inside home,[],['find extreme'],"['compare', 'filter']",[],[],False,False,0,1,2,0,0
what is the correlation between education levels and suicide rates,['correlation'],[],['filter'],[],[],False,False,1,0,1,0,0
which state/year has the most gun deaths,[],"['retrieve value', 'find extreme']",['compare'],[],[],False,False,0,2,1,0,0
"according to population, what is the rank of each of region",[],['ranking'],['sort'],[],[],False,False,0,1,1,0,0
what is the number of hospitals located in manyara,[],['retrieve value'],['filter'],[],[],True,False,0,1,1,0,0
which 10 regions have the most health centers,['find extreme'],[],[],['find extreme'],['find extreme'],True,False,1,0,0,1,1
look up regions that names start with the letter a,[],['retrieve value'],['filter'],[],[],True,False,0,1,1,0,0
make a list of the number of total hfs in descending order,['sort'],[],[],[],[],False,False,1,0,0,0,0
what is the average count of hospitals,[],['summarize'],['characterize distribution'],[],[],True,False,0,1,1,0,0
what is the number of clinics that are in mara,[],['retrieve value'],"['filter', 'filter']",[],[],False,False,0,1,2,0,0
what's the distribution of the entire hfs,[],['distribution'],['characterize distribution'],[],[],True,False,0,1,1,0,0
which region has the lowest population ratio of hf,[],['find extreme'],['find extremum'],[],[],False,False,0,1,1,0,0
enter the regions from this table,[],['list'],['retrieve value'],[],[],True,False,0,1,1,0,0
look for the region that has the most people living in it,[],['find extreme'],['find extremum'],[],[],True,False,0,1,1,0,0
remove any regions with a population ratio of hf lower than 15,,,,,,,,,,,,
the population range needs to be discovered,[],['retrieve value'],['determine range'],[],[],True,False,0,1,1,0,0
do any regions have their population ratio over 20 hf,[],['find extremum'],['filter'],[],[],True,False,0,1,1,0,0
"when the score difference is more than 5, please list the extreme matches to this",[],['find extreme'],"['filter', 'find extremum']",[],[],False,False,0,1,2,0,0
please indicate the friendly tournament matches in which the home team beat the away team,['filter'],['retrieve value'],[],['filter'],['filter'],False,False,1,1,0,1,1
tell me all the tournament matches that the home team won against the away team,[],['comparison'],['filter'],[],[],False,False,0,1,1,0,0
which group of nations won the most games,[],['retrieve value'],['compare'],[],[],False,False,0,1,1,0,0
"based on the number of matches, can you tell me what the distribution of cities is",[],"['retrieve value', 'distribution']",['characterize distribution'],[],[],False,False,0,2,1,0,0
what group of nations of have the most games,[],['retrieve value'],['find extremum'],[],[],True,False,0,1,1,0,0
what countries have won a similar number of games,[],['comparison'],['cluster'],[],[],True,False,0,1,1,0,0
do you know which videos have more than 100 tags,[],['retrieve value'],['filter'],[],[],False,False,0,1,1,0,0
"in the videos by ' eminemvevo ', what are the average number of comments made",['summarize'],['retrieve value'],[],['summarize'],['summarize'],True,False,1,1,0,1,1
filter all the videos published before yesterday,['filter'],[],[],[],[],False,False,1,0,0,0,0
which videos are missing thumbnail links,[],['retrieve value'],['filter'],[],[],True,False,0,1,1,0,0
' plush- bad unboxing fan mail ' belongs to which specific channel,[],[],"['retrieve value', 'filter']",[],[],False,False,0,0,2,0,0
which video has the most tags,['find extremum'],[],[],['find extremum'],['find extremum'],True,False,1,0,0,1,1
"give me a list of videos, ordered by the number of likes, that are on the channel ' eminemvevo '",[],"['retrieve value', 'sort']",[],['sort'],['sort'],True,False,0,2,0,1,1
show me the video with the highest number of tags,[],['find extreme'],['find extremum'],[],[],True,False,0,1,1,0,0
indicate the number of likes that ' plush- bad unboxing fan mail ' receives,['retrieve value'],[],['filter'],[],[],True,False,1,0,1,0,0
what is the number if likes from the ' plush- bad unboxing fan mail ' video,['retrieve value'],[],['filter'],[],[],True,False,1,0,1,0,0
discover the most liked removed video,[],['find extreme'],"['sort', 'retrieve value']",[],[],False,False,0,1,2,0,0
are there are special characters included in the title,[],['find extremum'],['filter'],[],[],True,False,0,1,1,0,0
do videos with longer titles get more attention,[],['compare'],['correlate'],[],[],True,False,0,1,1,0,0
tell me about the ' plush- bad unboxing fan mail ' video,['retrieve value'],[],['filter'],['retrieve value'],['retrieve value'],False,False,1,0,1,1,1
can you show me how the likes are distributed,[],"['retrieve value', 'compare']",['characterize distribution'],[],[],False,False,0,2,1,0,0
what is the propensity of the number of vehicles in japan and korea from the year 2000 to 2010,,,,,,,,,,,,
does life expectancy have any relation with the percentage of smokers,[],['correlation'],['dependency'],[],[],True,False,0,1,1,0,0
is the male to female ratio more imbalanced in the last decade in russia,[],[],[''],[],[],False,False,0,0,1,0,0
show me the gdp ranking of european countries,,,,,,,,,,,,
"to cluster the states in the us, i wish to use middle income",[],['clustering'],['cluster'],[],[],False,False,0,1,1,0,0
do all the countries in africa have a lower average pci than all the countries in europe,[],['comparison'],[''],[],[],False,False,0,1,1,0,0
could you tell me the continental location of the poorest ( lowest income ) country,['retrieve value'],['find extreme'],[],['retrieve value'],['retrieve value'],True,False,1,1,0,1,1
"when looking at the average income in european countries, what is the variance",[],['find variance'],['characterize distribution'],[],[],True,False,0,1,1,0,0
what is the average height of the floors of these buildings,[],['find average'],['characterize distribution'],[],[],False,False,0,1,1,0,0
compare the number of tall buildings in hong kong with taiwan,[],['comparison'],"['compare', 'filter']",[],[],False,False,0,1,2,0,0
compare the number of tall buildings in hong kong with taiwan,[],['comparison'],"['compare', 'filter']",[],[],False,False,0,1,2,0,0
what location has the highest number of tall buildings,[],['find extremum'],[],['find extremum'],['find extremum'],False,False,0,1,0,1,1
"provide the total sum of all the separated, divorced, and widowed people in lindi",[],['retrieve value'],"['compute derived value', 'filter']",[],[],True,False,0,1,2,0,0
does simiyu have a similar structure of peope as that of katavi,[],[],"['similarity', 'filter']",[],[],False,False,0,0,2,0,0
can you tell me how mara attributes are distributed,,,,,,,,,,,,
is the total attribute of one area equal to the sum of the other attributes in any area,[],['relationship'],['compare'],[],[],False,False,0,1,1,0,0
relationship between imdb rating and rotten tomatoes rating,['correlation'],[],[],['correlation'],['correlation'],False,False,1,0,0,1,1
what's the production budget for movies in different years,[],"['comparison', 'find extremum']",['characterize distribution'],[],[],False,False,0,2,1,0,0
movie gross and budget relationship based on genre,[],['correlation'],['dependency'],[],[],False,False,0,1,1,0,0
show me imdb rating versus rotten tomatoes rating,[],['relationship'],['correlation'],[],[],False,False,0,1,1,0,0
what creative type of movie had the highest production budget for each content rating,[],"['find extreme', 'comparison']",['characterize distribution'],[],[],False,False,0,2,1,0,0
what is the relationship between production budget and worldwide gross for each major genre,[],['relationship'],['dependency'],[],[],True,False,0,1,1,0,0
what is the relationship between release year and average production budget,[],['correlation'],['dependency'],[],[],True,False,0,1,1,0,0
what major genre had the highest average worldwide gross,['find extremum'],[],[],['find extremum'],['find extremum'],False,False,1,0,0,1,1
what major genre had the lowest average worldwide gross,['find extremum'],[],[],['find extremum'],['find extremum'],False,False,1,0,0,1,1
how much did average worldwide gross vary by major genre,[],['comparison'],['find extremum'],[],[],True,False,0,1,1,0,0
how many movies are there are of each creative type,[],['count'],['characterize distribution'],[],[],True,False,0,1,1,0,0
which creative type had the most movies,[],['find extremum'],['characterize distribution'],[],[],True,False,0,1,1,0,0
which creative type had the fewest movies,[],['find extremum'],['characterize distribution'],[],[],True,False,0,1,1,0,0
what is the total worldwide gross for each major genre across time,[],['aggregate'],['summarize'],[],[],True,False,0,1,1,0,0
is there a relationship between production budget and worldwide gross for each content rating,[],['correlation'],['correlate'],[],[],False,False,0,1,1,0,0
what is the distribution of running times for each movie,[],['distribution'],['characterize distribution'],[],[],False,False,0,1,1,0,0
is there a relationship between imdb rating and rotten tomatoes rating,['correlation'],[],[],['correlation'],['correlation'],False,False,1,0,0,1,1
movie run time distribution,[],['distribution'],['characterize distribution'],[],[],False,False,0,1,1,0,0
how production budget changes over release years,['trend'],[],[],[],[],False,False,1,0,0,0,0
what was the average production budget of movies by year,[],['find average'],['trend'],[],[],True,False,0,1,1,0,0
"what's the average production budget of the different rated movies, separated by creative type",[],"['average', 'relationship']",['compare'],[],[],True,False,0,2,1,0,0
which genre movie makes most worldwide gross,[],['find extreme'],['find extremum'],[],[],False,False,0,1,1,0,0
are imdb rating and rotten tomatoes rating related,[],['correlation'],['correlate'],[],[],True,False,0,1,1,0,0
what is the worldwide gross distribution per genre,[],['distribution'],['characterize distribution'],[],[],True,False,0,1,1,0,0
what's the breakdown of production budget by creative type per content rating,[],['comparison'],['compare'],[],[],True,False,0,1,1,0,0
how does rotten tomatoes rating change as imdb rating,[],['correlation'],['correlate'],[],[],False,False,0,1,1,0,0
what is the total worldwide gross earned by each major genre and content rating,[],"['sum', 'group']",['compare'],[],[],True,False,0,2,1,0,0
"for each genre and rating, what is the total world-wide gross earnings",[],"['retrieve value', 'summarize']",['compare'],[],[],True,False,0,2,1,0,0
how much did each type of movie earn in across the whole world,[],['summarize'],['compare'],[],[],False,False,0,1,1,0,0
how much money did movies of each genre and rating make,[],"['comparison', 'retrieve value']",['compare'],[],[],True,False,0,2,1,0,0
"what was the average budget for each content rating and creative type, as multiple column charts",[],"['comparison', 'find average']",['compare'],[],[],True,False,0,2,1,0,0
what is the average production budget in each year,[],"['retrieve value', 'summarize']",['characterize distribution'],[],[],True,False,0,2,1,0,0
compare imdb rating to rotten tomatoes rating,[],['comparison'],['compare'],[],[],True,False,0,1,1,0,0
which creative types have the most movies,[],['find extreme'],['characterize distribution'],[],[],False,False,0,1,1,0,0
"on average, how much was earned by movies of each genre",[],"['comparison', 'find extremum']","['compare', 'characterize distribution']",[],[],True,False,0,2,2,0,0
how many movies are of each length,[],['retrieve value'],['characterize distribution'],[],[],True,False,0,1,1,0,0
help me see outliers in imdb and rotten tomatoes ratings,[],['find extremum'],['find anomalies'],[],[],False,False,0,1,1,0,0
what was the average worldwide gross of movies by genre,[],['summarize'],['characterize distribution'],[],[],False,False,0,1,1,0,0
how much did major genres gross in total,[],"['retrieve value', 'find extreme']",['compare'],[],[],False,False,0,2,1,0,0
gross across genres regarding content rating,[],['comparison'],['compare'],[],[],False,False,0,1,1,0,0
what's the distribution of running times by movie,[],['distribution'],['characterize distribution'],[],[],True,False,0,1,1,0,0
how many movies are there in 20 minute bins of running time,[],['retrieve value'],['characterize distribution'],[],[],True,False,0,1,1,0,0
how many movies are there for each creative type,[],['count'],['characterize distribution'],[],[],True,False,0,1,1,0,0
show me the variation in the amount ordered by different entities in different orders,[],['trend'],[''],[],[],False,False,0,1,1,0,0
worldwide gross for each genre for each year 1995 to now,[],['comparison'],"['filter', 'compare']",[],[],False,False,0,1,2,0,0
"cumulative gross for each content rating, by major genre",[],['correlation'],['compare'],[],[],False,False,0,1,1,0,0
relation between worldwide gross and production budget for each major genre,[],['relationship'],['dependency'],[],[],False,False,0,1,1,0,0
which position has the highest average of playing time,[],"['retrieve value', 'find extreme']",['find extremum'],[],[],False,False,0,2,1,0,0
name movies released in 2017,[],['retrieve value'],['filter'],[],[],True,False,0,1,1,0,0
is the normal distribuition satisfied by the length of the movies,[],['find pattern'],['characterize distribution'],[],[],True,False,0,1,1,0,0
sort the movies by length,['sort'],[],['filter'],[],[],False,False,1,0,1,0,0
how long is the run time of average r-rated movies,[],['find average'],"['characterize distribution', 'filter']",[],[],False,False,0,1,2,0,0
give me the numbers of movies that were released in 2017,[],['retrieve value'],"['compute derived value', 'filter']",[],[],True,False,0,1,2,0,0
is there an average run time for movies,[],['find average'],['characterize distribution'],[],[],True,False,0,1,1,0,0
is the running time of movies recently longer than it used to be,['trend'],[],[],['trend'],['trend'],True,False,1,0,0,1,1
do movie tags and duration have a connection,[],['correlation'],['dependency'],[],[],False,False,0,1,1,0,0
determine if the running time of movies has increased in recent years,['trend'],['comparison'],[],['trend'],['trend'],False,False,1,1,0,1,1
show me the dates that netflix released movies,[],['find extreme'],"['characterize distribution', 'filter']",[],[],True,False,0,1,2,0,0
does any movies not have a description,[],['find extreme'],['summarize'],[],[],False,False,0,1,1,0,0
at what point was data added to the table for netflix,[],['find extremum'],['retrieve value'],[],[],False,False,0,1,1,0,0
"what is the percentage of the white population in blount county, alabama",[],['retrieve value'],"['compute derived value', 'compare', 'filter']",[],[],False,False,0,1,3,0,0
"what percentage of the blount county, alabama population is white",[],"['retrieve value', 'ratio']","['compute derived value', 'compare', 'filter']",[],[],False,False,0,2,3,0,0
sort all the counties in connecticut by the percentages of the hispanic population,['sort'],[],[],[],[],True,False,1,0,0,0,0
tell me which county has the greatest number of female residents,['find extremum'],[],[],['find extremum'],['find extremum'],True,False,1,0,0,1,1
calculate the average black population for each state,[],['summarize'],['compute derived value'],[],[],False,False,0,1,1,0,0
i want to see the distribution of the school rankings in geita in 2006,[],['distribution'],"['characterize distribution', 'filter']",[],[],False,False,0,1,2,0,0
create a list of schools showing the descending order by change_p,['sort'],[],[],['sort'],['sort'],False,False,1,0,0,1,1
can you provide a list of school names in geita,['retrieve value'],[],['filter'],['retrieve value'],['retrieve value'],False,False,1,0,1,1,1
determine if there are any schools in neighboring regions that have similar avg_m,[],['comparison'],['similarity'],[],[],False,False,0,1,1,0,0
can you tell me what peacland english medium school's change pre is in 2016,['retrieve value'],[],[],[],[],True,False,1,0,0,0,0
list the values of kwema modern pr school's change_p in all the years,['retrieve value'],[],[],[],[],True,False,1,0,0,0,0
what schools have similar avg_m in the neighboring region,[],['relationship'],['similarity'],[],[],False,False,0,1,1,0,0
which of these school have a pass rate of over 90,[],['retrieve value'],"['compare', 'filter']",[],[],False,False,0,1,2,0,0
they want to know what tactic is most effective during football,[],['correlation'],['compare'],[],[],False,False,0,1,1,0,0
were you aware of the most recent news,,,,,,,,,,,,
the clubs should be arranged by their shooting attempts,['compare'],['retrieve value'],[],['compare'],['compare'],False,False,1,1,0,1,1
what was the total amount of goals scored in the game that liverpool played in,[],['sum'],['compute derived value'],[],[],True,False,0,1,1,0,0
the games are sorted by experts by their date,,,,,,,,,,,,
rank these clubs by their shooting attempts,[],['ranking'],['rank'],[],[],False,False,0,1,1,0,0
are the students who are younger more likely to use wechat,[],['relationship'],"['correlate', 'filter']",[],[],False,False,0,1,2,0,0
can lower study times among students cause greater failure rates in class,[],['correlation'],['correlate'],[],[],False,False,0,1,1,0,0
can you name an unusual reason for choosing this school,[],['find unusual value'],['characterize distribution'],[],[],False,False,0,1,1,0,0
could you show me the list sorted by study time ( longest to shortest ),['sort'],[],[],[],[],True,False,1,0,0,0,0
find the distribution by age,[],['distribution'],['characterize distribution'],[],[],False,False,0,1,1,0,0
can you tell me which students have fathers that are teachers,[],['retrieve value'],['filter'],[],[],False,False,0,1,1,0,0
retrieve the students with fathers who work as teachers,[],['retrieve value'],['filter'],[],[],True,False,0,1,1,0,0
tell me the youngest students in the dataset,[],['retrieve value'],['find extremum'],[],[],False,False,0,1,1,0,0
tell me the types of jobs the student's mothers have,[],['find'],['characterize distribution'],[],[],False,False,0,1,1,0,0
i 'm wondering would the travel time decrease for students if they spent more time studying,[],['correlation'],['correlate'],[],[],False,False,0,1,1,0,0
would more time spent on studying reduce travel time for students,[],['relationship'],['correlate'],[],[],False,False,0,1,1,0,0
can you tell me the state which may have the largest average population in the next year,[],['find extreme'],['compare'],[],[],False,False,0,1,1,0,0
can you see any abnormalities in the suicide rates,[],['find extremum'],['find anomalies'],[],[],False,False,0,1,1,0,0
name the country with the lowest suicide rate,['find extremum'],[],[],['find extremum'],['find extremum'],True,False,1,0,0,1,1
do you know the average number of suicides in europe,[],['retrieve value'],['compute derived data'],[],[],True,False,0,1,1,0,0
are there any countries with anomalously low suicides rates,[],['find extremum'],['find anomalies'],[],[],False,False,0,1,1,0,0
is there similarities between gdp per capita and suicide rates,[],['correlation'],['similarity'],[],[],False,False,0,1,1,0,0
were there any countries with abnormally low suicide rates,[],['find extremum'],['find anomalies'],[],[],True,False,0,1,1,0,0
"with the suicide larger than 100, determine the ages in albania",[],['retrieve value'],['characterize distribution'],[],[],True,False,0,1,1,0,0
the country with the lowest suicide rate is,['find extremum'],[],[],['find extremum'],['find extremum'],True,False,1,0,0,1,1
what is the distribution rate of suicide,[],['comparison'],['characterize distribution'],[],[],True,False,0,1,1,0,0
what is the total number of all suicides in 1999,[],['retrieve value'],"['characterize distribution', 'filter']",[],[],False,False,0,1,2,0,0
would there be any clustering of countries in terms of suicide rates,['clustering'],[],[],[],[],True,False,1,0,0,0,0
create a list showing the ages of people who committed suicide in albania,['retrieve value'],[],['filter'],[],[],True,False,1,0,1,0,0
"for the gdp of china, has it gone up or down over the last decade",['trend'],[],['filter'],['trend'],['trend'],True,False,1,0,1,1,1
"of all countries, how is the gdp distribution",[],['distribution'],['characterize distribution'],[],[],False,False,0,1,1,0,0
has there been an increase or decrease in the gdp of china over the last 10 years,['trend'],['comparison'],['filter'],['trend'],['trend'],True,False,1,1,1,1,1
how much is the average of profit of each state,[],['summarize'],['compare'],[],[],False,False,0,1,1,0,0
how do the company earn in each state,[],['summarize'],['compare'],[],[],False,False,0,1,1,0,0
what were the total sales for each date in each category,[],['summarize'],['compare'],[],[],False,False,0,1,1,0,0
how much was sold each day for each category,[],['summarize'],['compare'],[],[],False,False,0,1,1,0,0
what is the average profit for each state,[],['summarize'],['compare'],[],[],True,False,0,1,1,0,0
what is the relationship between profit and sales,[],['correlation'],['dependency'],[],[],False,False,0,1,1,0,0
what is the average profit of each ship mode divided by segment,[],['summarize'],['compare'],[],[],False,False,0,1,1,0,0
what is the sales forecast for each date,[],['retrieve value'],['compare'],[],[],True,False,0,1,1,0,0
how many orders were placed for each order quantity,[],"['retrieve value', 'find extrem']",['characterize distribution'],[],[],True,False,0,2,1,0,0
what is the relationship between sales and profit for each region,[],['correlation'],['dependency'],[],[],True,False,0,1,1,0,0
how many orders were placed for each sub-category,[],['count'],['characterize distribution'],[],[],True,False,0,1,1,0,0
"what is the total profit for each region, based on ship status",[],"['comparison', 'aggregate']",['compare'],[],[],True,False,0,2,1,0,0
what is the sales trend of the different product categories,['trend'],[],[],[],[],True,False,1,0,0,0,0
how many products have 3 or more quantity ordered,[],['count'],['compare'],[],[],False,False,0,1,1,0,0
how many products are ordered in single quantity,[],['count'],['compare'],[],[],True,False,0,1,1,0,0
density of sales across regions and their profitability,[],['relationship'],['compare'],[],[],False,False,0,1,1,0,0
what are the profits across different states,[],['comparison'],['compare'],[],[],True,False,0,1,1,0,0
what product category has more orders placed,[],"['comparison', 'find extremum']",['compare'],[],[],True,False,0,2,1,0,0
sales forecast between jan 2016 and july 2017,['retrieve value'],[],['filter'],['retrieve value'],['retrieve value'],True,False,1,0,1,1,1
i want to know how many orders there are by the quantity of the order,[],['retrieve value'],['compute derived value'],[],[],False,False,0,1,1,0,0
what is our profit based on shipping mode by customer segment,[],"['comparison', 'find extreme']",['compare'],[],[],True,False,0,2,1,0,0
what is the sales vs profit ratio of the four regions,[],['comparison'],['compare'],[],[],True,False,0,1,1,0,0
what is the average profit of each state,[],['summarize'],['compare'],[],[],False,False,0,1,1,0,0
what is the sales vs profit ratio of all the zones,[],"['comparison', 'relationship']",['compare'],[],[],True,False,0,2,1,0,0
what is the average profit of different segments on the ship modes of transport,[],"['comparison', 'find extremum']",['compare'],[],[],True,False,0,2,1,0,0
how much is the profit for sales for each,[],['retrieve value'],['compare'],[],[],False,False,0,1,1,0,0
what is the correlation between sales and profit by region,[],['correlation'],"['correlate', 'compare']",[],[],True,False,0,1,2,0,0
can you create a graph showing sales and profit by region,[],"['relationship', 'comparison']",['compare'],[],[],True,False,0,2,1,0,0
"from all of the universities in london, list the one who has the most faculties",[],['retrieve value'],['filter'],[],[],True,False,0,1,1,0,0
show me a university that has more than 30 faculties and more than 50 teachers,[],"['retrieve value', 'find extreme']",['filter'],[],[],True,False,0,2,1,0,0
universities with similar number of teachers,[],['comparison'],['similarity'],[],[],False,False,0,1,1,0,0
"from all of the universities in london, list the one who has the most faculties",[],['retrieve value'],['filter'],[],[],True,False,0,1,1,0,0
the universities cover which locations,[],['retrieve value'],['characterize distribution'],[],[],True,False,0,1,1,0,0
what is the teacher distribution of new york universities,[],['retrieve value'],"['characterize distribution', 'filter']",[],[],True,False,0,1,2,0,0
would teachers in harvard be considered outliers if the university was in new york,[],"['retrieve value', 'find extreme']","['find anomalies', 'filter']",[],[],True,False,0,2,2,0,0
which movie is the highest-grossing,[],['find extreme'],['find extremum'],[],[],False,False,0,1,1,0,0
do you feel that midfield players have a lower market value than front court players,[],['comparison'],"['comparision', 'filter']",[],[],True,False,0,1,2,0,0
in the premier league how are the transferred players ages distributed,[],['distribution'],"['characterize distribution', 'filter']",[],[],False,False,0,1,2,0,0
tell me a reason why top backcourt players have a higher market value than the top frontcourt player,[],"['find extremum', 'comparison']",['filter'],[],[],False,False,0,2,1,0,0
which player had an abnormal transfer_fee,[],['find extreme'],['find anomalies'],[],[],True,False,0,1,1,0,0
how old was david when he was transferred in 2010,['retrieve value'],[],['filter'],['retrieve value'],['retrieve value'],False,False,1,0,1,1,1
"what player had a market value of 50,000,000 and was transferred for 58,500,000 in the 2010鈥毭劽011",[],['retrieve value'],"['filter', 'filter']",[],[],False,False,0,1,2,0,0
"for the center forward position, what was the highest market value for the 2011-2012 season",[],['find extreme'],"['find extremum', 'filter']",[],[],True,False,0,1,2,0,0
tell me the numbers of the transferred players in different leagues in the 2010-2011 season,[],['count'],"['compare', 'filter']",[],[],True,False,0,1,2,0,0
"what player had a market value of 50,000,000 and was transferred for 58,500,000 in the 2010‚äì2011",[],['retrieve value'],"['filter', 'filter']",[],[],False,False,0,1,2,0,0
could you buy a player with his market value higher than a transfer fee,[],['comparison'],['filter'],[],[],True,False,0,1,1,0,0
what is the average transfer_fee for players who transferred to the premier league,[],['retrieve value'],"['characterize distribution', 'filter']",[],[],True,False,0,1,2,0,0
list center-backs by what their transfer_fee was,['retrieve value'],[],['filter'],['retrieve value'],['retrieve value'],False,False,1,0,1,1,1
which player was the oldest that was transferred,['find extremum'],[],[],['find extremum'],['find extremum'],False,False,1,0,0,1,1
what is the distribution of the leagues who paid for transferred players in 2010,[],['distribution'],"['characterize distribution', 'filter']",[],[],True,False,0,1,2,0,0
are you aware of any clustering of the seasons in which players were transferred to the premier league,[],['correlation'],"['clustering', 'filter']",[],[],False,False,0,1,2,0,0
"if you were to average it out, how upbeat would you say the songs are",[],['retrieve value'],['characterize distribution'],[],[],False,False,0,1,1,0,0
describe the popularity of the loudest song,['retrieve value'],['find extremum'],[],['retrieve value'],['retrieve value'],False,False,1,1,0,1,1
can you help me find some popular songs,[],['find extreme'],['sort'],[],[],False,False,0,1,1,0,0
"in terms of length, how long is ' beautiful people '",['retrieve value'],[],['filter'],['retrieve value'],['retrieve value'],True,False,1,0,1,1,1
tell me which genres were mentioned,[],['retrieve value'],['summarize'],[],[],False,False,0,1,1,0,0
what songs of the pop genrea has sam smith released,[],['retrieve value'],"['compare', 'filter']",[],[],False,False,0,1,2,0,0
are there singers who span multiple genres,['retrieve value'],[],[],['retrieve value'],['retrieve value'],False,False,1,0,0,1,1
determine in what year the income of undergraduate students was higher,[],['comparison'],"['compare', 'trend']",[],[],True,False,0,1,2,0,0
how are postgraduate student numbers distributed every year,[],['distribution'],['characterize distribution'],[],[],False,False,0,1,1,0,0
could you tell me if there is any correlation between the number of undergraduate and postgraduate students,['correlation'],[],[],[],[],False,False,1,0,0,0,0
state the average income of postgraduate students in each country,[],['find average'],['compare'],[],[],False,False,0,1,1,0,0
what is the number of postgraduate students for each year,[],"['comparison', 'retrieve value']",['characterize distribution'],[],[],False,False,0,2,1,0,0
"in each year, what is the distribution of the number of postgraduates",[],['distribution'],['characterize distribution'],[],[],False,False,0,1,1,0,0
the chart teaches them the horsepower range,[],['range'],['determine range'],[],[],False,False,0,1,1,0,0
name me a country that's happiness score does not coincide with the region it belongs to,[],['compare'],['dependency'],[],[],False,False,0,1,1,0,0
tell me the country with the lowest trust score,[],['find extreme'],['find extremum'],[],[],True,False,0,1,1,0,0
is there a correlation between happiness scores and other attributes,['correlation'],[],[],[],[],False,False,1,0,0,0,0
"what countries, other than finland, have higher happiness scores and lower gdp",[],"['comparison', 'comparison']",['compare'],[],[],False,False,0,2,1,0,0
can you tell me the area in the previous decade that increased rapidly in the happiness score,['trend'],['relationship'],[],['trend'],['trend'],False,False,1,1,0,1,1
"can you tell me, in terms of economy, what is the range across all countries",[],['find range'],['determine range'],[],[],False,False,0,1,1,0,0
show me any clustering there may be in the gdp that has a happiness score of larger than 5,[],['relationship'],['clustering'],[],[],False,False,0,1,1,0,0
within the last year have any countries experienced a sudden decrease in happiness score,[],"['comparison', 'find extremum']",['trend'],[],[],False,False,0,2,1,0,0
can you tell me the range of happiness score in western europe,[],"['retrieve value', 'find range']","['determine range', 'filter']",[],[],True,False,0,2,2,0,0
"out of all the countries, which ones have a happiness score higher then finland",[],"['retrieve value', 'compare']",['filter'],[],[],True,False,0,2,1,0,0
can you tell me in what range will the number of countries in each region fall,[],['find range'],['characterize distribution'],[],[],True,False,0,1,1,0,0
please identify the parameters of the happiness score in western europe,[],['retrieve value'],"['characterize distribution', 'filter']",[],[],True,False,0,1,2,0,0
show all the countries with happiness scores higher than 5,['filter'],['retrieve value'],[],['filter'],['filter'],False,False,1,1,0,1,1
name the continent that contains the greatest number of countries that are top 10 on the happiness index,[],"['retrieve value', 'find extreme']",['find extremum'],[],[],True,False,0,2,1,0,0
do any countries have happiness scores that don 't match with their gdp,[],['find outlier'],['characterize distribution'],[],[],False,False,0,1,1,0,0
"of all the countries trust score, which country has the lowest",[],['find extreme'],['find extremum'],[],[],True,False,0,1,1,0,0
name the country that scores the least on trust,[],['retrieve value'],['find extremum'],[],[],True,False,0,1,1,0,0
what is the range across all the countries in terms of economy,['find extremum'],[],[],['find extremum'],['find extremum'],False,False,1,0,0,1,1
"organize the countries based on happiness score, with the score limit on each group being 10",[],['categorize'],['characterize distribution'],[],[],False,False,0,1,1,0,0
show me the distribution of the health score as it is presented in different regions,[],['distribution'],['characterize distribution'],[],[],False,False,0,1,1,0,0
tell me the average gdp of countries in western europe,[],['retrieve value'],"['characterize distribution', 'filter']",[],[],True,False,0,1,2,0,0
organize the countries by their region,['sort'],[],[],[],[],False,False,1,0,0,0,0
"for all the regions, can you show me the pattern of the happiness score",[],['trend'],['cluster'],[],[],False,False,0,1,1,0,0
what are all the countries that have a happiness score similar to fineland 5 is an acceptable error score,[],"['retrieve value', 'find similar']","['filter', 'similarity']",[],[],False,False,0,2,2,0,0
what is the range of economy across all the countries,[],['find range'],['determine range'],[],[],False,False,0,1,1,0,0
rank countries high to low by their family score,['sort'],[],[],[],[],True,False,1,0,0,0,0
can we conclude that higher happiness comes from higher freedom,[],['correlation'],['correlate'],[],[],True,False,0,1,1,0,0
what dimension of the happiness index has the maximum fluctuation,[],"['find extremum', 'compare']",['summarize'],[],[],False,False,0,2,1,0,0
retrieve the country that has had a sudden decrease in happiness score within a year,[],['find anomaly'],['filter'],[],[],True,False,0,1,1,0,0
"across all regions, what is the happiness score pattern",[],['pattern'],['characterize distribution'],[],[],False,False,0,1,1,0,0
the health score is highest in which country,['find extremum'],[],[],['find extremum'],['find extremum'],True,False,1,0,0,1,1
the highest health score is held by which country,[],['find extreme'],['find extremum'],[],[],True,False,0,1,1,0,0
please help me identify the least common age,[],['find extreme'],['find anomalies'],[],[],False,False,0,1,1,0,0
"how does mpg compare to displacement, for each region",['compare'],[],[],[],[],False,False,1,0,0,0,0
