gemini_query,gemini_positive match,gemini_llm match,gemini_gt match,gemini_resolution positive match,gemini_resolution llm match,gemini_resolution gt match,gemini_ambiguity similarity match,gemini_resolution similarity match
"in terms of the readings, group the similar timestamps for the sants",Ambiguity found by both llm and gt,,,,Resolution found by llm only,,0.4083526,
"for o3, what is the distribution value",,Ambiguity found by llm only,,,Resolution found by llm only,,,
"in the whole table, show me the best record of pm10",,,Ambiguity found by gt only,,,Resolution found by gt only,,
"based on their pollution, group the locations together that are similar",Ambiguity found by both llm and gt,,,,Resolution found by llm only,,0.5857538,
please look at the o3 data and find the minimum number,Ambiguity found by both llm and gt,,,Resolution found by both llm and gt,,,0.1940306,0.6994612
in what manner are good air quality records dispersed throughout the monitored region,,,Ambiguity found by gt only,,,Resolution found by gt only,,
are there any outliers in pm10 readings from a temporal perspective,,,Ambiguity found by gt only,,,Resolution found by gt only,,
work out the quality of o3,,,Ambiguity found by gt only,,,,,
put the readings in order according to their pm 10 values,,,,,,,,
is distribution for pm10 value anything other than normal,,,,,,,,
show me a day with extremely bad air quality,Ambiguity found by both llm and gt,,,Resolution found by both llm and gt,,,0.4904741,0.40007305
what days had really bad air quality,Ambiguity found by both llm and gt,,,Resolution found by both llm and gt,,,0.44869113,0.49958813
give me the count of missing readings in this table,,,,,,,,
"show me the data attribute that has the most na values, for example the hardest data points to collect",,,,,,,,
describe the change in air quality over one day describe the change in each air pollutant,,Ambiguity found by llm only,,,Resolution found by llm only,,,
could you search all available values for pm10 quality,,,,,,,,
are the o3 value and the pm10 value dependent on each other,,Ambiguity found by llm only,,,Resolution found by llm only,,,
"across the monitored region, what is the distribution of records for good air quality",,,Ambiguity found by gt only,,,Resolution found by gt only,,
what months are hurricanes most common,,,,,,,,
where are storms most common depending on the time of year,,,,,,,,
are there more storms in recent years,,,,,,,,
what does the distribution of the storms look like,,Ambiguity found by llm only,,,Resolution found by llm only,,,
what is the most frequent status over the year,,,,,,,,
"what is the main factor depending on different status (wind, time, pressure, or etc)",Ambiguity found by both llm and gt,,,Resolution found by both llm and gt,,,0.47453582,0.46890104
what was the name of the earliest storm,,,,,,,,
how many hurricanes,,Ambiguity found by llm only,,,Resolution found by llm only,,,
what is the name of the largest storm,,,Ambiguity found by gt only,,,Resolution found by gt only,,
what storm produced the greatest air pressure,,,,,,,,
how many storms are named caroline,,,,,,,,
what storm produced the least air pressure,,,,,,,,
what storm had the greatest diameter of tropical storm strength winds,,,,,,,,
what storm had the greatest diameter of hurricane strength winds,,Ambiguity found by llm only,,,Resolution found by llm only,,,
"how many storms occur per year, on average",,,,,,,,
"on average, what is the first date that a tropical cyclone (tropical depression, tropical storm, or hurricane) forms on every year",Ambiguity found by both llm and gt,,,Resolution found by both llm and gt,,,0.52294695,0.8788223
is there a correlation between wind speed and air pressure,,,,,,,,
is there a correlation between the duration of the storm and wind speed,,Ambiguity found by llm only,,,Resolution found by llm only,,,
where have all hurricanes been recorded on the globe where are they more common,,Ambiguity found by llm only,,,Resolution found by llm only,,,
what lat/long locations are most likely to experience hurricanes,,,,,,,,
what are lengths/timings of hurricane seasons in different regions of the world,,Ambiguity found by llm only,,,Resolution found by llm only,,,
what is the average storm length,Ambiguity found by both llm and gt,,,Resolution found by both llm and gt,,,0.4178884,0.42496583
what is the average time that it takes to go from depression to storm,,Ambiguity found by llm only,,,Resolution found by llm only,,,
"what is the relationship, if any, between wind and pressure",,,,,,,,
how does wind change over the course of each hurricane,,Ambiguity found by llm only,,,Resolution found by llm only,,,
average tropical storm diameter,,,,,,,,
what is the relationship between storm day and hu_diameter,,,,,,,,
are there any repeat names of storms,,Ambiguity found by llm only,,,Resolution found by llm only,,,
what month has the strongest hurricanes,Ambiguity found by both llm and gt,,,Resolution found by both llm and gt,,,0.34793192,0.16273886
how has wind speed changed over time,,Ambiguity found by llm only,,,Resolution found by llm only,,,
what is the maximum pressure of a certain hurricane,,Ambiguity found by llm only,,,Resolution found by llm only,,,
relationship between position and the strength of the hurricane,,,Ambiguity found by gt only,,,Resolution found by gt only,,
average time for each hurricane status,,Ambiguity found by llm only,,,Resolution found by llm only,,,
which hurricane lasted the longest,,Ambiguity found by llm only,,,Resolution found by llm only,,,
can you tell me the sales distribution of type 4046 in 2015,,Ambiguity found by llm only,,,Resolution found by llm only,,,
what are the groups of regions according to three types of avocados sales ratio,Ambiguity found by both llm and gt,,,Resolution found by both llm and gt,,,0.76912355,0.27617815
"using the three types of avocado's sales ratio, provide the groups of regions",Ambiguity found by both llm and gt,,,Resolution found by both llm and gt,,,0.8115984,0.2219345
provide the distribution of the sales in 2015 of type 4046,,,,,,,,
the oldest user was born in what year,,,,,,,,
indicate all the travels taking more than 1000 minutes,,,,,,,,
"show me a list of the tripe that take longer than 1,000 minutes",,Ambiguity found by llm only,,,Resolution found by llm only,,,
tell me the distribution of travel times between wells st & elm st and lake shore dr & ohio st,,Ambiguity found by llm only,,,Resolution found by llm only,,,
do you know of any trip that would take longer than 1000 minutes,,Ambiguity found by llm only,,,Resolution found by llm only,,,
show me a list of neighborhoods with the number of male births from least to most,,,Ambiguity found by gt only,,,Resolution found by gt only,,
show me the distribution of births across all districts in 2017,,,Ambiguity found by gt only,,,Resolution found by gt only,,
let me know if there are groups of neighborhoods with similar birth gender ratios,,Ambiguity found by llm only,,,Resolution found by llm only,,,
retrieve the neighborhood with more than 100 female births in ciutat vella in 2013,Ambiguity found by both llm and gt,,,Resolution found by both llm and gt,,,0.37897575,0.23631407
which neighborhood in ciutat vella has more than 100 females born in the year 2013,,Ambiguity found by llm only,,,,,,
"barcelona's districts, please list each",,,Ambiguity found by gt only,,,Resolution found by gt only,,
what is the distribution of all births in all districts between 2013 and 2017,,Ambiguity found by llm only,,,Resolution found by llm only,,,
what neighborhood had 56 boys born in 2017,,,Ambiguity found by gt only,,,Resolution found by gt only,,
is there a correlation between acceleration and horsepower,,,,,,,,
how many heavy cars are in the dataset,Ambiguity found by both llm and gt,,,Resolution found by both llm and gt,,,0.78198254,0.3819673
are there any american 5 cylinder cars,,,,,,,,
how does displacement relate to fuel economy for cars from europe v usa,,Ambiguity found by llm only,,,Resolution found by llm only,,,
which cylinder cars have the highest fuel economy,,,,,,,,
which countries have the most cars in this dataset,,,,,,,,
which countries have the highest acceleration for cars of different cylinders,,,,,,,,
how do the horsepowers of the cars from different regions change with years,,,,,,,,
the distribution of the number of cylinders of cars based on different origins,,,,,,,,
what is the correlation between displacement and mpg of cars with different origins,,,,,,,,
count the number of cars based on their origins,,,,,,,,
what is the correlation between horsepower and acceleration,,,,,,,,
is there a correlation between cars' horsepower and acceleration,,,,,,,,
"how does displacement relate to mpg for individual models, partitioned by country",,Ambiguity found by llm only,,,Resolution found by llm only,,,
"how does weight relate to acceleration for car models, small multiples by origin",,,,,,,,
how does horsepower relate to acceleration for individual car models,,,,,,,,
"compare the number of models in usa, japan and europe",,,,,,,,
does higher horsepower mean lower acceleration,,,,,,,,
how many cylinders do cars manufactured in different countries have,,,,,,,,
compare car cylinder count against acceleration across countries,,,,,,,,
how many cars do each country manufacture,,,,,,,,
what's the mileage for cars based on the number of cylinders present,,,Ambiguity found by gt only,,,Resolution found by gt only,,
does higher cylinder count mean mean lower mileage,,,Ambiguity found by gt only,,,Resolution found by gt only,,
how does mileage relate to cylinder count,,,Ambiguity found by gt only,,,Resolution found by gt only,,
what is the average mpg for different cylinders,,,,,,,,
what is the relation between horsepower and acceleration,,,,,,,,
how weight varies each year,,,,,,,,
how is acceleration related to horsepower,,,,,,,,
how has horsepower changed over time by country,,,,,,,,
have cars gotten lighter over time,,,,,,,,
how many models are proudced by each country,,Ambiguity found by llm only,,,Resolution found by llm only,,,
what is the average weight of cars over time,,,,,,,,
what is the distribution of weight across all cars,,,,,,,,
how much do various cars weigh,,,,,,,,
what is the range of weights for all cars,,,,,,,,
where do the cars originate from,,,,,,,,
how has avg (horsepower) evolved over time | segregate it by the car origin,,,,,,,,
compare avg (acceleration) with cylinders | segregate the cylinders by their origin,,Ambiguity found by llm only,,,Resolution found by llm only,,,
how does avg (weight) evolve over the years,,,,,,,,
how does the acceleration of cars from different countries vary by the number of cylinders,,,,,,,,
how does acceleration vary by weight for cars from different regions,,,,,,,,
what is the average mpg for cars with different cylinders,,,,,,,,
how does mpg vary by the number of cylinders in a car,,,,,,,,
how does acceleration change with horsepower,,,,,,,,
how does acceleration behave compared to horsepower,,,,,,,,
how many cars are from each region,,Ambiguity found by llm only,,,Resolution found by llm only,,,
"how does mpg compare to displacement, broken out by region",,,,,,,,
"for each region, how does a car's mpg vary with displacement",,,,,,,,
how has horsepower changed over time in each region,,,,,,,,
what is the breakdown of cars by the number of cylinders in each region,,,,,,,,
how many cars have various numbers of cylinders in each region,,,,,,,,
what is the average weight of cars by model year,,,,,,,,
how has the average weight of cars changed over the years,,,,,,,,
how can the population of ashley be illustrated to show distribution across five years,,,Ambiguity found by gt only,,,Resolution found by gt only,,
"how likely is it that, if i was born in 2000, i was born in a county with no less than 20,000 people",Ambiguity found by both llm and gt,,,Resolution found by both llm and gt,,,0.3979237,0.37023222
give me the average population rating for ashley in the year 2000,,,Ambiguity found by gt only,,,Resolution found by gt only,,
identify the county that has the least population each year,,,,,,,,
what is the average population in 2000,,,Ambiguity found by gt only,,,Resolution found by gt only,,
is there a regional concentration trend in gdp development,Ambiguity found by both llm and gt,,,Resolution found by both llm and gt,,,0.47690678,0.17166841
how are gdp and mteu correlated,,,,,,,,
is there an outlier within the value distribution of albinism that causes the result to be skewed,,Ambiguity found by llm only,,,Resolution found by llm only,,,
"find all the types of genetic diseases with greater than 1,000 patients",,,,,,,,
tell me the maximum and minimum number of patients with autism across all regions,,,,,,,,
what is the spatial and temporal correlation of albinism,Ambiguity found by both llm and gt,,,Resolution found by both llm and gt,,,0.7515762,0.49165708
does this data represent outliers in the number of patients,,,Ambiguity found by gt only,,,Resolution found by gt only,,
take out the regions with a number of patients larger than 500,,Ambiguity found by llm only,,,Resolution found by llm only,,,
"looking at the number of people in all regions with a visual impairment, what is the median",,,,,,,,
does the value distribution of albinism look skewed,,,,,,,,
is there an obvious clustering,Ambiguity found by both llm and gt,,,Resolution found by both llm and gt,,,0.5690141,0.40483388
kindly rate the regions on the basis of the number of patients,,,,,,,,
give me the movie that received the most nominations,,Ambiguity found by llm only,,,Resolution found by llm only,,,
"out of the winners for best performance by an actor in a motion picture- musical or comedy from 2003 to 2020, the most abnormal age belongs to which actor",Ambiguity found by both llm and gt,,,Resolution found by both llm and gt,,,0.39382738,0.18841834
can you organize the results of the table by sorting the list according to the age of the stars,Ambiguity found by both llm and gt,,,,,Resolution found by gt only,0.65218055,
can you list all the results in the table about the movie ' about  ',,,,,,,,
what was the gender of all actors among all the final winners in the 60th ceremony,Ambiguity found by both llm and gt,,,,,Resolution found by gt only,0.6465889,
tell me who won the best performance by an actor in a motion picture- drama award at the 60th ceremony,,Ambiguity found by llm only,,,Resolution found by llm only,,,
can you list all the results in the table about the movie ' about schmidt ',,,,,,,,
i would like to review the dispersement of the amount of nominations,Ambiguity found by both llm and gt,,,Resolution found by both llm and gt,,,0.336106,0.43808544
"in the 60th ceremony, the award for best performance by an actor in a motion picture was won by whom",,,,,,,,
which actor was nominated for the most awards,,Ambiguity found by llm only,,,,,,
can the actors nationality impact the outcome,Ambiguity found by both llm and gt,,,,,Resolution found by gt only,0.53388125,
what was the number of candidates that were nominated for best performance by an actor in a motion picture-drama at he 60th ceremony,,,,,,,,
what is the total number of movies released in the year 1998,,,,,,,,
can you tell me what movie won best original score in a motion picture in 1997,,Ambiguity found by llm only,,,Resolution found by llm only,,,
what is the correlation between the nomination and the age of a star,Ambiguity found by both llm and gt,,,,,Resolution found by gt only,0.59096646,
tell me the distribution for the book ratings,,,,,,,,
can you rearrange the table by book rating in descending order,,,,,,,,
what books have low ratings that seem suspect,Ambiguity found by both llm and gt,,,Resolution found by both llm and gt,,,0.7764443,0.5361957
tell me the book ratings distribution,,,,,,,,
which author has worked with dark horse comics most frequently,,,,,,,,
please go and get all of the books written in english,,,,,,,,
are there outliers in the book ratings,,,,,,,,
"of fiction books, which are written in english",,,,,,,,
please review this dataset and tell me which authors it includes,,,,,,,,
how many books have been released by dark horse comics,,Ambiguity found by llm only,,,Resolution found by llm only,,,
what is the most expensive book and who published it,,,Ambiguity found by gt only,,,Resolution found by gt only,,
show a list of similarly rated books,,,,,,,,
produce a list of book titles published during the current year,,,,,,,,
dark horse comic has how many books,,Ambiguity found by llm only,,,Resolution found by llm only,,,
what is the total number of categories,,,,,,,,
can you tell me the total number of categories,,,,,,,,
what's the size of ' kids paint free- drawing fun ',,Ambiguity found by llm only,,,Resolution found by llm only,,,
does a app exist that is much different than the others,Ambiguity found by both llm and gt,,,,Resolution found by llm only,,0.59279394,
what is the total amount of genres,,Ambiguity found by llm only,,,Resolution found by llm only,,,
what is the title of the biggest app,,Ambiguity found by llm only,,,Resolution found by llm only,,,
what apps have a perfect rating and a lot of reviews,Ambiguity found by both llm and gt,,,Resolution found by both llm and gt,,,0.6502427,0.2230293
see if you can locate the most recent gaming app,,Ambiguity found by llm only,,,Resolution found by llm only,,,
tell me free or paid apps have a higher mean rating,,Ambiguity found by llm only,,,Resolution found by llm only,,,
which genres are included in the dataset,,,,,,,,
which apps have support for versions of android lower than 40,,,,,,,,
describe shape of the distribution for the number of installations,,,,,,,,
show me the app that costs the most,,,,,,,,
is there a relationship between the android version of an app and its installations,,,,,,,,
show me the most recent version of androids ' discover color ',Ambiguity found by both llm and gt,,,Resolution found by both llm and gt,,,0.57981515,0.49133343
"when taking different android versions into account, does that have any impact on installation",,Ambiguity found by llm only,,,Resolution found by llm only,,,
give me a list of all the free business apps that have received rating that were higher than a 45,,,,,,,,
can you tell me the attribute 'rating ' be affected 'installation,,Ambiguity found by llm only,,,Resolution found by llm only,,,
what's the price distribution in beauty apps,,Ambiguity found by llm only,,,Resolution found by llm only,,,
"which app has a rating that doesn 't follow a trend between installations, rating and number of reviews",,Ambiguity found by llm only,,,Resolution found by llm only,,,
what is the app with the most abnormal pattern,Ambiguity found by both llm and gt,,,Resolution found by both llm and gt,,,0.62745386,0.46471298
are there an unusually high number of reviews for any of the apps,,,,,,,,
what is the distribution of the number based on shape of installations,Ambiguity found by both llm and gt,,,Resolution found by both llm and gt,,,0.33094165,0.12946957
is there an effect on price caused by the app's genre,,,,,,,,
is there a correlation between apps with more installations and higher ratings,,,,,,,,
"tell me the most pricey apps by release date, recent to oldest",,Ambiguity found by llm only,,,Resolution found by llm only,,,
find out any app that is distinctive from the rest,Ambiguity found by both llm and gt,,,Resolution found by both llm and gt,,,0.63456005,0.5174464
list the top 10 gaming apps sorted from highest to lowest installations,,,,,,,,
can you tell me the price distribution of all the beauty apps,,Ambiguity found by llm only,,,Resolution found by llm only,,,
name any apps that can support any version of android lower than 40,,Ambiguity found by llm only,,,Resolution found by llm only,,,
what differences are there among the students who acquired more than 270 points between 2010-2019,Ambiguity found by both llm and gt,,,,,Resolution found by gt only,0.103230126,
tell me all of the categories of grade types,,,,,,,,
use the midterm exam and final exam as the 2nd and 1st keywords respectively in order to assign a rank to every one of the students,,Ambiguity found by llm only,,,Resolution found by llm only,,,
what did the majority of students receive as a grade,,Ambiguity found by llm only,,,Resolution found by llm only,,,
use the final exam as the first keyword and midterm exam as the second keyword to rank all the students,,,,,,,,
"show me the scope, among all the students, of the cw2 score",,Ambiguity found by llm only,,,Resolution found by llm only,,,
"in cw1, how many students achieved the feat of 100%, or full marks",,,,,,,,
rank the grades from highest to lowest according to the average score,,,,,,,,
can you tell me the median score of the cw1 class,,,,,,,,
do you know the median score of all students in cw1,,,,,,,,
how many students received an a,,Ambiguity found by llm only,,,Resolution found by llm only,,,
select all cw1 scores not less than 80%,,,,,,,,
arrange the students by grade and furnish me with a list,,,,,,,,
was the same midterm exam given to velma paul and glynis caine,Ambiguity found by both llm and gt,,,Resolution found by both llm and gt,,,0.40108478,0.15337409
what is the relationship between level of education and crime rate,Ambiguity found by both llm and gt,,,Resolution found by both llm and gt,,,0.583525,0.71379983
are there any visible trends in violent crime rates over the time period,Ambiguity found by both llm and gt,,,Resolution found by both llm and gt,,,0.7273611,0.62964
what is the most frequent place of violent crime,,Ambiguity found by llm only,,,Resolution found by llm only,,,
are there any correlations between crime types and geographic location,Ambiguity found by both llm and gt,,,Resolution found by both llm and gt,,,0.40409368,0.36735672
what is the distribution for non-violent crimes based on age,Ambiguity found by both llm and gt,,,Resolution found by both llm and gt,,,0.71105206,0.20253983
are there any correlations in violent or non-violent crimes based on congressional district and year,Ambiguity found by both llm and gt,,,Resolution found by both llm and gt,,,0.71428627,0.4378114
is there a somewhat even distribution between the year and congressional district,Ambiguity found by both llm and gt,,,Resolution found by both llm and gt,,,0.60793984,0.24548662
what city has the highest crime rate,Ambiguity found by both llm and gt,,,Resolution found by both llm and gt,,,0.67383736,0.6983724
what’s the frequency of gun violence incidents with multiple victims,,Ambiguity found by llm only,,,Resolution found by llm only,,,
how many gun violence incidents are there each year,,Ambiguity found by llm only,,,Resolution found by llm only,,,
are there any significant correlations between any 2 variables in the dataset,,Ambiguity found by llm only,,,Resolution found by llm only,,,
how many incidents of gun violence result in death (ie what proportion are fatal vs non-fatal),,,,,,,,
what鈥檚 the frequency of gun violence incidents with multiple victims,,Ambiguity found by llm only,,,Resolution found by llm only,,,
are males or females more likely to die of gun violence,,,,,,,,
is one sex more likely to perpetrate gun violence,,Ambiguity found by llm only,,,Resolution found by llm only,,,
is more gun violence committed with stolen guns or non stolen guns,,Ambiguity found by llm only,,,Resolution found by llm only,,,
how have homicide rates increased over time,,Ambiguity found by llm only,,,Resolution found by llm only,,,
what type of gun violence has seen the most growth over the years,,Ambiguity found by llm only,,,Resolution found by llm only,,,
are most gun death because of suicide,,Ambiguity found by llm only,,,Resolution found by llm only,,,
did most gun violence happen inside home,,Ambiguity found by llm only,,,Resolution found by llm only,,,
what is the correlation between education levels and suicide rates,,Ambiguity found by llm only,,,Resolution found by llm only,,,
which state/year has the most gun deaths,,,,,,,,
"according to population, what is the rank of each of region",,,,,,,,
what is the number of hospitals located in manyara,,,,,,,,
which 10 regions have the most health centers,,,,,,,,
look up regions that names start with the letter a,,,,,,,,
make a list of the number of total hfs in descending order,,,,,,,,
what is the average count of hospitals,,,,,,,,
what is the number of clinics that are in mara,,Ambiguity found by llm only,,,Resolution found by llm only,,,
what's the distribution of the entire hfs,,,Ambiguity found by gt only,,,Resolution found by gt only,,
which region has the lowest population ratio of hf,,,,,,,,
enter the regions from this table,,,,,,,,
look for the region that has the most people living in it,,,,,,,,
remove any regions with a population ratio of hf lower than 15,,,,,,,,
the population range needs to be discovered,,Ambiguity found by llm only,,,Resolution found by llm only,,,
do any regions have their population ratio over 20 hf,,,,,,,,
"when the score difference is more than 5, please list the extreme matches to this",,Ambiguity found by llm only,,,Resolution found by llm only,,,
please indicate the friendly tournament matches in which the home team beat the away team,,,,,,,,
tell me all the tournament matches that the home team won against the away team,,Ambiguity found by llm only,,,Resolution found by llm only,,,
which group of nations won the most games,,Ambiguity found by llm only,,,Resolution found by llm only,,,
"based on the number of matches, can you tell me what the distribution of cities is",,,,,,,,
what group of nations of have the most games,,Ambiguity found by llm only,,,Resolution found by llm only,,,
what countries have won a similar number of games,,Ambiguity found by llm only,,,Resolution found by llm only,,,
do you know which videos have more than 100 tags,,Ambiguity found by llm only,,,Resolution found by llm only,,,
"in the videos by ' eminemvevo ', what are the average number of comments made",,Ambiguity found by llm only,,,Resolution found by llm only,,,
filter all the videos published before yesterday,,Ambiguity found by llm only,,,Resolution found by llm only,,,
which videos are missing thumbnail links,,Ambiguity found by llm only,,,Resolution found by llm only,,,
' plush- bad unboxing fan mail ' belongs to which specific channel,,Ambiguity found by llm only,,,Resolution found by llm only,,,
which video has the most tags,,,,,,,,
"give me a list of videos, ordered by the number of likes, that are on the channel ' eminemvevo '",,Ambiguity found by llm only,,,Resolution found by llm only,,,
show me the video with the highest number of tags,,,,,,,,
indicate the number of likes that ' plush- bad unboxing fan mail ' receives,,Ambiguity found by llm only,,,Resolution found by llm only,,,
what is the number if likes from the ' plush- bad unboxing fan mail ' video,,Ambiguity found by llm only,,,,,,
discover the most liked removed video,,Ambiguity found by llm only,,,Resolution found by llm only,,,
are there are special characters included in the title,,,,,,,,
do videos with longer titles get more attention,,,,,,,,
tell me about the ' plush- bad unboxing fan mail ' video,,Ambiguity found by llm only,,,Resolution found by llm only,,,
can you show me how the likes are distributed,,Ambiguity found by llm only,,,Resolution found by llm only,,,
what is the propensity of the number of vehicles in japan and korea from the year 2000 to 2010,Ambiguity found by both llm and gt,,,,,Resolution found by gt only,0.5899471,
does life expectancy have any relation with the percentage of smokers,,,,,,,,
is the male to female ratio more imbalanced in the last decade in russia,Ambiguity found by both llm and gt,,,Resolution found by both llm and gt,,,0.61847425,0.7908323
show me the gdp ranking of european countries,Ambiguity found by both llm and gt,,,Resolution found by both llm and gt,,,0.4433715,0.121733084
"to cluster the states in the us, i wish to use middle income",,Ambiguity found by llm only,,,Resolution found by llm only,,,
do all the countries in africa have a lower average pci than all the countries in europe,Ambiguity found by both llm and gt,,,Resolution found by both llm and gt,,,0.33354068,0.18413277
could you tell me the continental location of the poorest ( lowest income ) country,Ambiguity found by both llm and gt,,,Resolution found by both llm and gt,,,0.56667924,0.24949966
"when looking at the average income in european countries, what is the variance",Ambiguity found by both llm and gt,,,Resolution found by both llm and gt,,,0.6809119,0.34705293
what is the average height of the floors of these buildings,,,,,,,,
compare the number of tall buildings in hong kong with taiwan,,Ambiguity found by llm only,,,Resolution found by llm only,,,
compare the number of tall buildings in hong kong with taiwan,,Ambiguity found by llm only,,,Resolution found by llm only,,,
what location has the highest number of tall buildings,,,Ambiguity found by gt only,,,Resolution found by gt only,,
"provide the total sum of all the separated, divorced, and widowed people in lindi",,Ambiguity found by llm only,,,,,,
does simiyu have a similar structure of peope as that of katavi,Ambiguity found by both llm and gt,,,,,Resolution found by gt only,0.5043918,
can you tell me how mara attributes are distributed,,Ambiguity found by llm only,,,,,,
is the total attribute of one area equal to the sum of the other attributes in any area,,,,,,,,
relationship between imdb rating and rotten tomatoes rating,,,,,,,,
what's the production budget for movies in different years,,Ambiguity found by llm only,,,Resolution found by llm only,,,
movie gross and budget relationship based on genre,,,,,,,,
show me imdb rating versus rotten tomatoes rating,,,,,,,,
what creative type of movie had the highest production budget for each content rating,,,,,,,,
what is the relationship between production budget and worldwide gross for each major genre,,,,,,,,
what is the relationship between release year and average production budget,,,,,,,,
what major genre had the highest average worldwide gross,,,,,,,,
what major genre had the lowest average worldwide gross,,,,,,,,
how much did average worldwide gross vary by major genre,,,,,,,,
how many movies are there are of each creative type,,,,,,,,
which creative type had the most movies,,,,,,,,
which creative type had the fewest movies,,,,,,,,
what is the total worldwide gross for each major genre across time,,Ambiguity found by llm only,,,Resolution found by llm only,,,
is there a relationship between production budget and worldwide gross for each content rating,,,,,,,,
what is the distribution of running times for each movie,,,,,,,,
is there a relationship between imdb rating and rotten tomatoes rating,,,,,,,,
movie run time distribution,,,,,,,,
how production budget changes over release years,,,,,,,,
what was the average production budget of movies by year,,,,,,,,
"what's the average production budget of the different rated movies, separated by creative type",,,Ambiguity found by gt only,,,Resolution found by gt only,,
which genre movie makes most worldwide gross,,,,,,,,
are imdb rating and rotten tomatoes rating related,,,,,,,,
what is the worldwide gross distribution per genre,,,,,,,,
what's the breakdown of production budget by creative type per content rating,,,,,,,,
how does rotten tomatoes rating change as imdb rating,,,,,,,,
what is the total worldwide gross earned by each major genre and content rating,,,,,,,,
"for each genre and rating, what is the total world-wide gross earnings",,,,,,,,
how much did each type of movie earn in across the whole world,,,,,,,,
how much money did movies of each genre and rating make,Ambiguity found by both llm and gt,,,Resolution found by both llm and gt,,,0.36210105,0.066707954
"what was the average budget for each content rating and creative type, as multiple column charts",,,,,,,,
what is the average production budget in each year,,,,,,,,
compare imdb rating to rotten tomatoes rating,,,,,,,,
which creative types have the most movies,,,,,,,,
"on average, how much was earned by movies of each genre",,,,,,,,
how many movies are of each length,,,,,,,,
help me see outliers in imdb and rotten tomatoes ratings,,Ambiguity found by llm only,,,Resolution found by llm only,,,
what was the average worldwide gross of movies by genre,,,,,,,,
how much did major genres gross in total,,Ambiguity found by llm only,,,Resolution found by llm only,,,
gross across genres regarding content rating,,,,,,,,
what's the distribution of running times by movie,,,,,,,,
how many movies are there in 20 minute bins of running time,,,,,,,,
how many movies are there for each creative type,,,,,,,,
show me the variation in the amount ordered by different entities in different orders,Ambiguity found by both llm and gt,,,Resolution found by both llm and gt,,,0.4205416,0.17068589
worldwide gross for each genre for each year 1995 to now,,,,,,,,
"cumulative gross for each content rating, by major genre",,,,,,,,
relation between worldwide gross and production budget for each major genre,,Ambiguity found by llm only,,,Resolution found by llm only,,,
which position has the highest average of playing time,,,Ambiguity found by gt only,,,Resolution found by gt only,,
name movies released in 2017,,,,,,,,
is the normal distribuition satisfied by the length of the movies,,,,,,,,
sort the movies by length,,,,,,,,
how long is the run time of average r-rated movies,,,Ambiguity found by gt only,,,Resolution found by gt only,,
give me the numbers of movies that were released in 2017,,,,,,,,
is there an average run time for movies,,,,,,,,
is the running time of movies recently longer than it used to be,,Ambiguity found by llm only,,,Resolution found by llm only,,,
do movie tags and duration have a connection,,,Ambiguity found by gt only,,,Resolution found by gt only,,
determine if the running time of movies has increased in recent years,,Ambiguity found by llm only,,,Resolution found by llm only,,,
show me the dates that netflix released movies,,,Ambiguity found by gt only,,,Resolution found by gt only,,
does any movies not have a description,,Ambiguity found by llm only,,,Resolution found by llm only,,,
at what point was data added to the table for netflix,Ambiguity found by both llm and gt,,,Resolution found by both llm and gt,,,0.60315806,0.45476872
"what is the percentage of the white population in blount county, alabama",,,,,,,,
"what percentage of the blount county, alabama population is white",,,,,,,,
sort all the counties in connecticut by the percentages of the hispanic population,,Ambiguity found by llm only,,,,,,
tell me which county has the greatest number of female residents,,,,,,,,
calculate the average black population for each state,,,,,,,,
i want to see the distribution of the school rankings in geita in 2006,,Ambiguity found by llm only,,,,,,
create a list of schools showing the descending order by change_p,,,,,,,,
can you provide a list of school names in geita,,,,,,,,
determine if there are any schools in neighboring regions that have similar avg_m,,Ambiguity found by llm only,,,Resolution found by llm only,,,
can you tell me what peacland english medium school's change pre is in 2016,,,,,,,,
list the values of kwema modern pr school's change_p in all the years,,,,,,,,
what schools have similar avg_m in the neighboring region,,Ambiguity found by llm only,,,Resolution found by llm only,,,
which of these school have a pass rate of over 90,,,,,,,,
they want to know what tactic is most effective during football,,,Ambiguity found by gt only,,,Resolution found by gt only,,
were you aware of the most recent news,Ambiguity found by both llm and gt,,,,,Resolution found by gt only,0.92322373,
the clubs should be arranged by their shooting attempts,Ambiguity found by both llm and gt,,,Resolution found by both llm and gt,,,0.3726747,0.47050703
what was the total amount of goals scored in the game that liverpool played in,,Ambiguity found by llm only,,,Resolution found by llm only,,,
the games are sorted by experts by their date,,,Ambiguity found by gt only,,,Resolution found by gt only,,
rank these clubs by their shooting attempts,,,Ambiguity found by gt only,,,Resolution found by gt only,,
are the students who are younger more likely to use wechat,,,,,,,,
can lower study times among students cause greater failure rates in class,,Ambiguity found by llm only,,,Resolution found by llm only,,,
can you name an unusual reason for choosing this school,,Ambiguity found by llm only,,,Resolution found by llm only,,,
could you show me the list sorted by study time ( longest to shortest ),,,,,,,,
find the distribution by age,,,,,,,,
can you tell me which students have fathers that are teachers,,,,,,,,
retrieve the students with fathers who work as teachers,,,,,,,,
tell me the youngest students in the dataset,,,,,,,,
tell me the types of jobs the student's mothers have,,,,,,,,
i 'm wondering would the travel time decrease for students if they spent more time studying,,Ambiguity found by llm only,,,Resolution found by llm only,,,
would more time spent on studying reduce travel time for students,,Ambiguity found by llm only,,,Resolution found by llm only,,,
can you tell me the state which may have the largest average population in the next year,,Ambiguity found by llm only,,,Resolution found by llm only,,,
can you see any abnormalities in the suicide rates,,,,,,,,
name the country with the lowest suicide rate,,,,,,,,
do you know the average number of suicides in europe,Ambiguity found by both llm and gt,,,Resolution found by both llm and gt,,,0.541276,0.3301962
are there any countries with anomalously low suicides rates,,,,,,,,
is there similarities between gdp per capita and suicide rates,,Ambiguity found by llm only,,,Resolution found by llm only,,,
were there any countries with abnormally low suicide rates,,,,,,,,
"with the suicide larger than 100, determine the ages in albania",,,,,,,,
the country with the lowest suicide rate is,,,,,,,,
what is the distribution rate of suicide,,,,,,,,
what is the total number of all suicides in 1999,,,,,,,,
would there be any clustering of countries in terms of suicide rates,,,,,,,,
create a list showing the ages of people who committed suicide in albania,,,,,,,,
"for the gdp of china, has it gone up or down over the last decade",,Ambiguity found by llm only,,,Resolution found by llm only,,,
"of all countries, how is the gdp distribution",,,,,,,,
has there been an increase or decrease in the gdp of china over the last 10 years,,Ambiguity found by llm only,,,Resolution found by llm only,,,
how much is the average of profit of each state,,,,,,,,
how do the company earn in each state,,,,,,,,
what were the total sales for each date in each category,,,,,,,,
how much was sold each day for each category,,Ambiguity found by llm only,,,Resolution found by llm only,,,
what is the average profit for each state,,,,,,,,
what is the relationship between profit and sales,,,,,,,,
what is the average profit of each ship mode divided by segment,,,,,,,,
what is the sales forecast for each date,,,,,,,,
how many orders were placed for each order quantity,,,,,,,,
what is the relationship between sales and profit for each region,,,,,,,,
how many orders were placed for each sub-category,,,,,,,,
"what is the total profit for each region, based on ship status",,,,,,,,
what is the sales trend of the different product categories,,,,,,,,
how many products have 3 or more quantity ordered,,,,,,,,
how many products are ordered in single quantity,,,,,,,,
density of sales across regions and their profitability,,Ambiguity found by llm only,,,Resolution found by llm only,,,
what are the profits across different states,,,,,,,,
what product category has more orders placed,,,,,,,,
sales forecast between jan 2016 and july 2017,,Ambiguity found by llm only,,,Resolution found by llm only,,,
i want to know how many orders there are by the quantity of the order,,,Ambiguity found by gt only,,,Resolution found by gt only,,
what is our profit based on shipping mode by customer segment,,Ambiguity found by llm only,,,Resolution found by llm only,,,
what is the sales vs profit ratio of the four regions,,,,,,,,
what is the average profit of each state,,,,,,,,
what is the sales vs profit ratio of all the zones,,Ambiguity found by llm only,,,Resolution found by llm only,,,
what is the average profit of different segments on the ship modes of transport,,,,,,,,
how much is the profit for sales for each,,Ambiguity found by llm only,,,Resolution found by llm only,,,
what is the correlation between sales and profit by region,,,,,,,,
can you create a graph showing sales and profit by region,,,,,,,,
"from all of the universities in london, list the one who has the most faculties",Ambiguity found by both llm and gt,,,,Resolution found by llm only,,0.3331519,
show me a university that has more than 30 faculties and more than 50 teachers,Ambiguity found by both llm and gt,,,Resolution found by both llm and gt,,,0.47618043,0.22545357
universities with similar number of teachers,,Ambiguity found by llm only,,,Resolution found by llm only,,,
"from all of the universities in london, list the one who has the most faculties",Ambiguity found by both llm and gt,,,,Resolution found by llm only,,0.3331519,
the universities cover which locations,,,,,,,,
what is the teacher distribution of new york universities,,Ambiguity found by llm only,,,Resolution found by llm only,,,
would teachers in harvard be considered outliers if the university was in new york,Ambiguity found by both llm and gt,,,Resolution found by both llm and gt,,,0.6040648,0.12751266
which movie is the highest-grossing,,,,,,,,
do you feel that midfield players have a lower market value than front court players,Ambiguity found by both llm and gt,,,Resolution found by both llm and gt,,,0.6976137,0.19036347
in the premier league how are the transferred players ages distributed,,,,,,,,
tell me a reason why top backcourt players have a higher market value than the top frontcourt player,,Ambiguity found by llm only,,,Resolution found by llm only,,,
which player had an abnormal transfer_fee,,Ambiguity found by llm only,,,Resolution found by llm only,,,
how old was david when he was transferred in 2010,,Ambiguity found by llm only,,,Resolution found by llm only,,,
"what player had a market value of 50,000,000 and was transferred for 58,500,000 in the 2010鈥毭劽011",,,,,,,,
"for the center forward position, what was the highest market value for the 2011-2012 season",,,,,,,,
tell me the numbers of the transferred players in different leagues in the 2010-2011 season,,,,,,,,
"what player had a market value of 50,000,000 and was transferred for 58,500,000 in the 2010‚äì2011",,,,,,,,
could you buy a player with his market value higher than a transfer fee,,,,,,,,
what is the average transfer_fee for players who transferred to the premier league,,,,,,,,
list center-backs by what their transfer_fee was,,,,,,,,
which player was the oldest that was transferred,,,,,,,,
what is the distribution of the leagues who paid for transferred players in 2010,,,,,,,,
are you aware of any clustering of the seasons in which players were transferred to the premier league,,,,,,,,
"if you were to average it out, how upbeat would you say the songs are",,,,,,,,
describe the popularity of the loudest song,,,,,,,,
can you help me find some popular songs,,Ambiguity found by llm only,,,Resolution found by llm only,,,
"in terms of length, how long is ' beautiful people '",,,,,,,,
tell me which genres were mentioned,,,,,,,,
what songs of the pop genrea has sam smith released,,Ambiguity found by llm only,,,Resolution found by llm only,,,
are there singers who span multiple genres,,Ambiguity found by llm only,,,Resolution found by llm only,,,
determine in what year the income of undergraduate students was higher,,Ambiguity found by llm only,,,Resolution found by llm only,,,
how are postgraduate student numbers distributed every year,,,,,,,,
could you tell me if there is any correlation between the number of undergraduate and postgraduate students,,,,,,,,
state the average income of postgraduate students in each country,,,,,,,,
what is the number of postgraduate students for each year,,,,,,,,
"in each year, what is the distribution of the number of postgraduates",,,,,,,,
the chart teaches them the horsepower range,,Ambiguity found by llm only,,,Resolution found by llm only,,,
name me a country that's happiness score does not coincide with the region it belongs to,,Ambiguity found by llm only,,,Resolution found by llm only,,,
tell me the country with the lowest trust score,,,,,,,,
is there a correlation between happiness scores and other attributes,,,,,,,,
"what countries, other than finland, have higher happiness scores and lower gdp",,Ambiguity found by llm only,,,Resolution found by llm only,,,
can you tell me the area in the previous decade that increased rapidly in the happiness score,Ambiguity found by both llm and gt,,,Resolution found by both llm and gt,,,0.2513713,0.1299185
"can you tell me, in terms of economy, what is the range across all countries",,,,,,,,
show me any clustering there may be in the gdp that has a happiness score of larger than 5,,Ambiguity found by llm only,,,Resolution found by llm only,,,
within the last year have any countries experienced a sudden decrease in happiness score,Ambiguity found by both llm and gt,,,Resolution found by both llm and gt,,,0.77149385,0.04158629
can you tell me the range of happiness score in western europe,,,,,,,,
"out of all the countries, which ones have a happiness score higher then finland",,Ambiguity found by llm only,,,Resolution found by llm only,,,
can you tell me in what range will the number of countries in each region fall,,Ambiguity found by llm only,,,Resolution found by llm only,,,
please identify the parameters of the happiness score in western europe,,,,,,,,
show all the countries with happiness scores higher than 5,,,,,,,,
name the continent that contains the greatest number of countries that are top 10 on the happiness index,,Ambiguity found by llm only,,,Resolution found by llm only,,,
do any countries have happiness scores that don 't match with their gdp,,Ambiguity found by llm only,,,Resolution found by llm only,,,
"of all the countries trust score, which country has the lowest",,,,,,,,
name the country that scores the least on trust,,,,,,,,
what is the range across all the countries in terms of economy,,,,,,,,
"organize the countries based on happiness score, with the score limit on each group being 10",,,Ambiguity found by gt only,,,,,
show me the distribution of the health score as it is presented in different regions,,,,,,,,
tell me the average gdp of countries in western europe,,,,,,,,
organize the countries by their region,,,,,,,,
"for all the regions, can you show me the pattern of the happiness score",,,,,,,,
what are all the countries that have a happiness score similar to fineland 5 is an acceptable error score,,Ambiguity found by llm only,,,Resolution found by llm only,,,
what is the range of economy across all the countries,,,,,,,,
rank countries high to low by their family score,,,,,,,,
can we conclude that higher happiness comes from higher freedom,,,,,,,,
what dimension of the happiness index has the maximum fluctuation,,,Ambiguity found by gt only,,,,,
retrieve the country that has had a sudden decrease in happiness score within a year,,Ambiguity found by llm only,,,Resolution found by llm only,,,
"across all regions, what is the happiness score pattern",,,,,,,,
the health score is highest in which country,,,,,,,,
the highest health score is held by which country,,,,,,,,
please help me identify the least common age,,,,,,,,
"how does mpg compare to displacement, for each region",,,,,,,,