gemini_query,gemini_positive matches,gemini_positive matches count,gemini_llm only matches,gemini_llm only matches count,gemini_gt only matches,gemini_gt only matches count,gemini_correct column inferences,gemini_correct column inferences count,gemini_incorrect column inferences,gemini_incorrect column inferences count,gemini_correct column keyword match,gemini_correct column keyword match count,gemini_incorrect column keyword match,gemini_incorrect column keyword match count,gemini_correct data value classifications,gemini_correct data value classifications count,gemini_incorrect data value classifications,gemini_incorrect data value classifications count
"in terms of the readings, group the similar timestamps for the sants","['station', 'generated']",2,"['o3 value', 'no2 value', 'pm10 value']",3,[],0,['generated'],1,[],0,[],0,[],0,[],0,['station'],1
"for o3, what is the distribution value",['o3 value'],1,['station'],1,[],0,[],0,['o3 value'],1,[],0,[],0,[],0,[],0
"in the whole table, show me the best record of pm10",['pm10 value'],1,"['pm10 quality', 'station']",2,[],0,[],0,"['pm10 value', 'pm10 value']",2,[],0,[],0,[],0,[],0
"based on their pollution, group the locations together that are similar",['station'],1,"['no2 quality', 'no2 value', 'pm10 quality', 'pm10 value', 'o3 quality', 'o3 value']",6,"['longitude', 'latitude']",2,[],0,[],0,[],0,[],0,['station'],1,[],0
please look at the o3 data and find the minimum number,['o3 value'],1,[],0,[],0,[],0,['o3 value'],1,[],0,[],0,[],0,[],0
in what manner are good air quality records dispersed throughout the monitored region,[],0,"['station', 'o3 quality', 'no2 quality', 'pm10 quality']",4,"['air quality', 'generated']",2,[],0,['generated'],1,[],0,['air quality'],1,[],0,[],0
are there any outliers in pm10 readings from a temporal perspective,['pm10 value'],1,"['station', 'generated']",2,['generated time'],1,[],0,[],0,['pm10 value'],1,[],0,[],0,[],0
work out the quality of o3,['o3 quality'],1,[],0,[],0,[],0,[],0,['o3 quality'],1,[],0,[],0,[],0
put the readings in order according to their pm 10 values,['pm10 value'],1,[],0,[],0,[],0,[],0,[],0,['pm10 value'],1,[],0,[],0
is distribution for pm10 value anything other than normal,['pm10 value'],1,[],0,[],0,[],0,[],0,[],0,['pm10 value'],1,[],0,[],0
show me a day with extremely bad air quality,[],0,"['no2 value', 'pm10 value', 'no2 quality', 'pm10 quality', 'o3 quality']",5,"['air quality', 'generated']",2,[],0,[],0,[],0,['air quality'],1,[],0,[],0
what days had really bad air quality,[],0,"['no2 quality', 'no2 value', 'pm10 quality', 'pm10 value', 'o3 quality', 'o3 value']",6,"['air quality', 'generated', 'station']",3,[],0,"['generated', 'station']",2,[],0,['air quality'],1,[],0,[],0
give me the count of missing readings in this table,[],0,"['o3 value', 'no2 value', 'pm10 value']",3,[],0,[],0,[],0,[],0,[],0,[],0,[],0
"show me the data attribute that has the most na values, for example the hardest data points to collect",[],0,"['o3 value', 'no2 value', 'pm10 value']",3,[],0,[],0,[],0,[],0,[],0,[],0,[],0
describe the change in air quality over one day describe the change in each air pollutant,"['o3 value', 'no2 value', 'pm10 value']",3,['hour'],1,"['air quality', 'generated', 'stations']",3,"['o3 value', 'no2 value', 'pm10 value']",3,"['generated', 'stations']",2,[],0,['air quality'],1,[],0,[],0
could you search all available values for pm10 quality,['pm10 quality'],1,[],0,[],0,[],0,[],0,['pm10 quality'],1,[],0,[],0,[],0
are the o3 value and the pm10 value dependent on each other,"['o3 value', 'pm10 value']",2,[],0,[],0,[],0,[],0,"['o3 value', 'pm10 value']",2,[],0,[],0,[],0
"across the monitored region, what is the distribution of records for good air quality",['air quality'],1,['station'],1,"['generated', 'stations']",2,[],0,"['generated', 'stations']",2,['air quality'],1,[],0,[],0,[],0
what months are hurricanes most common,['month'],1,['category'],1,[],0,[],0,[],0,['month'],1,[],0,[],0,[],0
where are storms most common depending on the time of year,[],0,"['month', 'name']",2,"['year', 'lat', 'long']",3,[],0,"['lat', 'long']",2,[],0,['year'],1,[],0,[],0
are there more storms in recent years,['year'],1,[],0,['name'],1,[],0,['name'],1,['year'],1,[],0,[],0,[],0
what does the distribution of the storms look like,[],0,[],0,"['name', 'status']",2,[],0,"['name', 'status']",2,[],0,[],0,[],0,[],0
what is the most frequent status over the year,['status'],1,[],0,['year'],1,[],0,['status'],1,[],0,['year'],1,[],0,[],0
"what is the main factor depending on different status (wind, time, pressure, or etc)","['status', 'wind', 'pressure', 'ts_diameter', 'hu_diameter']",5,[],0,"['year', 'month', 'day']",3,[],0,"['hu_diameter', 'year', 'month', 'day', 'ts_diameter']",5,"['status', 'wind', 'pressure']",3,[],0,[],0,[],0
what was the name of the earliest storm,['name'],1,['year'],1,[],0,[],0,[],0,['name'],1,[],0,[],0,[],0
how many hurricanes,[],0,"['name', 'category']",2,['status'],1,[],0,[],0,[],0,[],0,[],0,['status'],1
what is the name of the largest storm,['name'],1,['wind'],1,['ts_diameter'],1,[],0,['ts_diameter'],1,[],0,['name'],1,[],0,[],0
what storm produced the greatest air pressure,"['name', 'pressure']",2,[],0,[],0,['name'],1,[],0,['pressure'],1,[],0,[],0,[],0
how many storms are named caroline,['name'],1,[],0,[],0,[],0,[],0,['name'],1,[],0,[],0,[],0
what storm produced the least air pressure,"['name', 'pressure']",2,[],0,[],0,['name'],1,[],0,['pressure'],1,[],0,[],0,[],0
what storm had the greatest diameter of tropical storm strength winds,"['ts_diameter', 'wind']",2,['name'],1,['status'],1,[],0,['ts_diameter'],1,[],0,['wind'],1,[],0,['status'],1
what storm had the greatest diameter of hurricane strength winds,[],0,"['name', 'ts_diameter', 'category']",3,"['wind', 'hu_diameter', 'status']",3,[],0,['hu_diameter'],1,[],0,['wind'],1,[],0,['status'],1
"how many storms occur per year, on average",['year'],1,[],0,[],0,[],0,[],0,[],0,['year'],1,[],0,[],0
"on average, what is the first date that a tropical cyclone (tropical depression, tropical storm, or hurricane) forms on every year","['year', 'day', 'month']",3,['name'],1,['status'],1,"['day', 'month']",2,[],0,[],0,['year'],1,[],0,['status'],1
is there a correlation between wind speed and air pressure,"['wind', 'pressure']",2,[],0,[],0,[],0,[],0,"['wind', 'pressure']",2,[],0,[],0,[],0
is there a correlation between the duration of the storm and wind speed,['wind'],1,['ts_diameter'],1,[],0,[],0,[],0,['wind'],1,[],0,[],0,[],0
where have all hurricanes been recorded on the globe where are they more common,"['lat', 'long', 'status']",3,[],0,[],0,"['lat', 'long']",2,[],0,[],0,[],0,[],0,['status'],1
what lat/long locations are most likely to experience hurricanes,"['lat', 'long']",2,['category'],1,['status'],1,[],0,[],0,"['lat', 'long']",2,[],0,[],0,['status'],1
what are lengths/timings of hurricane seasons in different regions of the world,"['month', 'year']",2,[],0,"['lat', 'long', 'day']",3,['year'],1,"['lat', 'long', 'month', 'day']",4,[],0,[],0,[],0,[],0
what is the average storm length,"['name', 'day']",2,[],0,"['year', 'month', 'hour']",3,"['name', 'day']",2,"['year', 'month', 'hour']",3,[],0,[],0,[],0,[],0
what is the average time that it takes to go from depression to storm,"['status', 'year', 'month', 'day', 'hour']",5,[],0,[],0,"['status', 'year', 'month', 'day', 'hour']",5,[],0,[],0,[],0,[],0,[],0
"what is the relationship, if any, between wind and pressure","['wind', 'pressure']",2,[],0,[],0,[],0,[],0,"['wind', 'pressure']",2,[],0,[],0,[],0
how does wind change over the course of each hurricane,['wind'],1,['name'],1,['status'],1,[],0,[],0,['wind'],1,[],0,[],0,['status'],1
average tropical storm diameter,['ts_diameter'],1,[],0,['status'],1,[],0,['ts_diameter'],1,[],0,[],0,[],0,['status'],1
what is the relationship between storm day and hu_diameter,"['day', 'hu_diameter']",2,[],0,[],0,[],0,[],0,[],0,"['day', 'hu_diameter']",2,[],0,[],0
are there any repeat names of storms,['name'],1,[],0,['year'],1,[],0,['year'],1,['name'],1,[],0,[],0,[],0
what month has the strongest hurricanes,['month'],1,['wind'],1,"['hu_diameter', 'status']",2,[],0,['hu_diameter'],1,[],0,['month'],1,[],0,['status'],1
how has wind speed changed over time,['wind'],1,['time'],1,"['year', 'month', 'day']",3,[],0,"['year', 'month', 'day']",3,['wind'],1,[],0,[],0,[],0
what is the maximum pressure of a certain hurricane,"['pressure', 'name']",2,[],0,['status'],1,[],0,[],0,['pressure'],1,[],0,[],0,['status'],1
relationship between position and the strength of the hurricane,"['lat', 'long']",2,"['wind', 'category']",2,"['hu_diameter', 'status']",2,[],0,[],0,[],0,[],0,[],0,['lat'],1
average time for each hurricane status,"['status', 'day']",2,[],0,"['year', 'month']",2,['day'],1,"['year', 'month']",2,['status'],1,[],0,[],0,[],0
which hurricane lasted the longest,"['year', 'month', 'day', 'hour']",4,['name'],1,['status'],1,"['year', 'month', 'day', 'hour']",4,[],0,[],0,[],0,[],0,['status'],1
can you tell me the sales distribution of type 4046 in 2015,[],0,"['type', 'total volume', 'year']",3,"['4046', 'date']",2,[],0,[],0,[],0,['4046'],1,['year'],1,['date'],1
what are the groups of regions according to three types of avocados sales ratio,['region'],1,['type'],1,"['4046', '4225', '4770']",3,[],0,"['4046', '4225', '4770']",3,[],0,['region'],1,[],0,[],0
"using the three types of avocado's sales ratio, provide the groups of regions",[],0,[],0,"['region', '4046', '4225', '4770']",4,[],0,"['4046', '4225', '4770']",3,[],0,['region'],1,[],0,[],0
provide the distribution of the sales in 2015 of type 4046,['4046'],1,['total volume'],1,['date'],1,[],0,[],0,[],0,['4046'],1,[],0,['date'],1
the oldest user was born in what year,[],0,['birthyear'],1,['year'],1,[],0,[],0,[],0,['year'],1,[],0,[],0
indicate all the travels taking more than 1000 minutes,['tripduration'],1,[],0,[],0,[],0,['tripduration'],1,[],0,[],0,[],0,[],0
"show me a list of the tripe that take longer than 1,000 minutes",['tripduration'],1,[],0,[],0,['tripduration'],1,[],0,[],0,[],0,[],0,[],0
tell me the distribution of travel times between wells st & elm st and lake shore dr & ohio st,"['tripduration', 'from_station_name', 'to_station_name']",3,[],0,[],0,[],0,[],0,[],0,[],0,[],0,"['from_station_name', 'to_station_name']",2
do you know of any trip that would take longer than 1000 minutes,['tripduration'],1,[],0,[],0,['tripduration'],1,[],0,[],0,[],0,[],0,[],0
show me a list of neighborhoods with the number of male births from least to most,"['number', 'neighborhood name']",2,['district name'],1,['gender'],1,[],0,"['gender', 'neighborhood name']",2,['number'],1,[],0,[],0,[],0
show me the distribution of births across all districts in 2017,"['number', 'district name']",2,[],0,['year'],1,[],0,['number'],1,[],0,[],0,[],0,['year'],1
let me know if there are groups of neighborhoods with similar birth gender ratios,"['neighborhood name', 'number']",2,[],0,['gender'],1,['number'],1,[],0,[],0,['gender'],1,[],0,[],0
retrieve the neighborhood with more than 100 female births in ciutat vella in 2013,"['number', 'district name', 'year', 'neighborhood name']",4,[],0,['gender'],1,['number'],1,[],0,[],0,[],0,[],0,"['gender', 'year', 'district name']",3
which neighborhood in ciutat vella has more than 100 females born in the year 2013,[],0,"['district name', 'gender', 'number']",3,['year'],1,[],0,[],0,[],0,[],0,[],0,['year'],1
"barcelona's districts, please list each",['district name'],1,[],0,['neighborhood name'],1,[],0,[],0,[],0,[],0,[],0,['neighborhood name'],1
what is the distribution of all births in all districts between 2013 and 2017,['number'],1,[],0,"['district name', 'year']",2,[],0,['number'],1,[],0,[],0,[],0,['year'],1
what neighborhood had 56 boys born in 2017,"['neighborhood name', 'number']",2,[],0,"['gender', 'year']",2,[],0,[],0,[],0,[],0,[],0,"['number', 'gender', 'year']",3
is there a correlation between acceleration and horsepower,"['timeto60', 'hp']",2,[],0,[],0,[],0,[],0,[],0,[],0,[],0,[],0
how many heavy cars are in the dataset,['weightlbs'],1,[],0,[],0,['weightlbs'],1,[],0,[],0,[],0,[],0,[],0
are there any american 5 cylinder cars,"['cylinders', 'country']",2,[],0,[],0,['country'],1,[],0,['cylinders'],1,[],0,[],0,[],0
how does displacement relate to fuel economy for cars from europe v usa,"['mpg', 'cubicinches', 'country']",3,[],0,[],0,[],0,['mpg'],1,[],0,[],0,[],0,[],0
which cylinder cars have the highest fuel economy,"['cylinders', 'mpg']",2,[],0,[],0,[],0,['mpg'],1,['cylinders'],1,[],0,[],0,[],0
which countries have the most cars in this dataset,['country'],1,[],0,[],0,[],0,[],0,[],0,"['country', 'country']",2,[],0,[],0
which countries have the highest acceleration for cars of different cylinders,"['country', 'cylinders', 'timeto60']",3,[],0,[],0,[],0,[],0,"['country', 'cylinders']",2,[],0,[],0,[],0
how do the horsepowers of the cars from different regions change with years,"['hp', 'year', 'country']",3,[],0,[],0,[],0,['hp'],1,[],0,['year'],1,[],0,[],0
the distribution of the number of cylinders of cars based on different origins,"['cylinders', 'country']",2,[],0,[],0,[],0,[],0,['cylinders'],1,[],0,[],0,[],0
what is the correlation between displacement and mpg of cars with different origins,"['mpg', 'cubicinches', 'country']",3,[],0,[],0,[],0,[],0,['mpg'],1,[],0,[],0,[],0
count the number of cars based on their origins,['country'],1,[],0,[],0,[],0,[],0,[],0,[],0,[],0,[],0
what is the correlation between horsepower and acceleration,"['hp', 'timeto60']",2,[],0,[],0,[],0,[],0,[],0,[],0,[],0,[],0
is there a correlation between cars' horsepower and acceleration,"['hp', 'timeto60']",2,[],0,[],0,[],0,[],0,[],0,[],0,[],0,[],0
"how does displacement relate to mpg for individual models, partitioned by country","['mpg', 'cubicinches']",2,[],0,['country'],1,['cubicinches'],1,[],0,[],0,"['mpg', 'country']",2,[],0,[],0
"how does weight relate to acceleration for car models, small multiples by origin","['weightlbs', 'timeto60', 'country']",3,[],0,[],0,[],0,"['weightlbs', 'country']",2,[],0,[],0,[],0,[],0
how does horsepower relate to acceleration for individual car models,"['hp', 'timeto60']",2,[],0,[],0,[],0,[],0,[],0,[],0,[],0,[],0
"compare the number of models in usa, japan and europe",['country'],1,[],0,[],0,[],0,[],0,[],0,[],0,[],0,['country'],1
does higher horsepower mean lower acceleration,"['hp', 'timeto60']",2,[],0,[],0,[],0,[],0,[],0,[],0,[],0,[],0
how many cylinders do cars manufactured in different countries have,"['cylinders', 'country']",2,[],0,[],0,[],0,[],0,[],0,"['cylinders', 'country']",2,[],0,[],0
compare car cylinder count against acceleration across countries,"['cylinders', 'timeto60', 'country']",3,[],0,[],0,[],0,[],0,['cylinders'],1,['country'],1,[],0,[],0
how many cars do each country manufacture,['country'],1,[],0,[],0,[],0,[],0,[],0,['country'],1,[],0,[],0
what's the mileage for cars based on the number of cylinders present,['cylinders'],1,['mpg'],1,[],0,[],0,[],0,['cylinders'],1,[],0,[],0,[],0
does higher cylinder count mean mean lower mileage,['cylinders'],1,['mpg'],1,[],0,[],0,[],0,['cylinders'],1,[],0,[],0,[],0
how does mileage relate to cylinder count,['cylinders'],1,['mpg'],1,[],0,[],0,[],0,[],0,['cylinders'],1,[],0,[],0
what is the average mpg for different cylinders,"['mpg', 'cylinders']",2,[],0,[],0,[],0,[],0,"['mpg', 'cylinders']",2,[],0,[],0,[],0
what is the relation between horsepower and acceleration,"['hp', 'timeto60']",2,[],0,[],0,[],0,[],0,[],0,[],0,[],0,[],0
how weight varies each year,['year'],1,['weightlbs'],1,['weightlb'],1,[],0,[],0,['year'],1,['weightlb'],1,[],0,[],0
how is acceleration related to horsepower,"['timeto60', 'hp']",2,[],0,[],0,[],0,[],0,[],0,['hp'],1,[],0,[],0
how has horsepower changed over time by country,"['hp', 'year', 'country']",3,[],0,[],0,[],0,['year'],1,['country'],1,[],0,[],0,[],0
have cars gotten lighter over time,"['weightlbs', 'year']",2,[],0,[],0,['year'],1,['weightlbs'],1,[],0,[],0,[],0,[],0
how many models are proudced by each country,['country'],1,[],0,[],0,[],0,[],0,[],0,['country'],1,[],0,[],0
what is the average weight of cars over time,"['weightlbs', 'year']",2,[],0,[],0,['year'],1,[],0,['weightlbs'],1,[],0,[],0,[],0
what is the distribution of weight across all cars,['weightlbs'],1,[],0,[],0,[],0,[],0,[],0,['weightlbs'],1,[],0,[],0
how much do various cars weigh,['weightlbs'],1,[],0,[],0,[],0,[],0,[],0,[],0,[],0,[],0
what is the range of weights for all cars,['weightlbs'],1,[],0,[],0,[],0,[],0,[],0,['weightlbs'],1,[],0,[],0
where do the cars originate from,['country'],1,[],0,[],0,['country'],1,[],0,[],0,[],0,[],0,[],0
how has avg (horsepower) evolved over time | segregate it by the car origin,"['hp', 'country', 'year']",3,[],0,[],0,['year'],1,['country'],1,['hp'],1,[],0,[],0,[],0
compare avg (acceleration) with cylinders | segregate the cylinders by their origin,"['cylinders', 'country']",2,['acceleration'],1,['timeto60'],1,['country'],1,[],0,['cylinders'],1,[],0,[],0,[],0
how does avg (weight) evolve over the years,"['weightlbs', 'year']",2,[],0,[],0,[],0,[],0,['weightlbs'],1,['year'],1,[],0,[],0
how does the acceleration of cars from different countries vary by the number of cylinders,"['country', 'cylinders', 'timeto60']",3,[],0,[],0,[],0,[],0,"['country', 'cylinders']",2,[],0,[],0,[],0
how does acceleration vary by weight for cars from different regions,"['timeto60', 'weightlbs', 'country']",3,[],0,[],0,['country'],1,[],0,[],0,['weightlbs'],1,[],0,[],0
what is the average mpg for cars with different cylinders,"['mpg', 'cylinders']",2,[],0,[],0,[],0,[],0,"['mpg', 'cylinders']",2,[],0,[],0,[],0
how does mpg vary by the number of cylinders in a car,"['mpg', 'cylinders']",2,[],0,[],0,[],0,[],0,"['mpg', 'cylinders']",2,[],0,[],0,[],0
how does acceleration change with horsepower,"['hp', 'timeto60']",2,[],0,[],0,[],0,[],0,['hp'],1,[],0,[],0,[],0
how does acceleration behave compared to horsepower,"['timeto60', 'hp']",2,[],0,[],0,[],0,[],0,['hp'],1,[],0,[],0,[],0
how many cars are from each region,['country'],1,[],0,[],0,[],0,[],0,[],0,[],0,[],0,[],0
"how does mpg compare to displacement, broken out by region","['mpg', 'cubicinches', 'country']",3,[],0,[],0,[],0,[],0,"['mpg', 'cubicinches']",2,[],0,[],0,[],0
"for each region, how does a car's mpg vary with displacement","['mpg', 'cubicinches', 'country']",3,[],0,[],0,['country'],1,['cubicinches'],1,['mpg'],1,[],0,[],0,[],0
how has horsepower changed over time in each region,"['hp', 'year', 'country']",3,[],0,[],0,"['year', 'country']",2,[],0,[],0,['hp'],1,[],0,[],0
what is the breakdown of cars by the number of cylinders in each region,"['cylinders', 'country']",2,[],0,[],0,['country'],1,[],0,['cylinders'],1,[],0,[],0,[],0
how many cars have various numbers of cylinders in each region,"['cylinders', 'country']",2,[],0,[],0,[],0,['country'],1,['cylinders'],1,[],0,[],0,[],0
what is the average weight of cars by model year,"['year', 'weightlbs']",2,[],0,[],0,[],0,[],0,['weightlbs'],1,['year'],1,[],0,[],0
how has the average weight of cars changed over the years,"['weightlbs', 'year']",2,[],0,[],0,[],0,[],0,['weightlbs'],1,['year'],1,[],0,[],0
how can the population of ashley be illustrated to show distribution across five years,[],0,"['population july 1, 2002', 'population july 1, 2001', 'population july 1, 2000', 'population april 1, 2000', 'population estimates', 'base census 2000', 'population']",7,['country'],1,[],0,[],0,[],0,[],0,"['population july 1, 2002', 'population july 1, 2001', 'population july 1, 2000', 'population april 1, 2000', 'population estimates', 'base census 2000', 'population']",7,['country'],1
"how likely is it that, if i was born in 2000, i was born in a county with no less than 20,000 people",[],0,"['population july 1, 2000']",1,"['county', 'year', 'population']",3,[],0,[],0,[],0,"['county', 'year', 'population']",3,[],0,[],0
give me the average population rating for ashley in the year 2000,[],0,"['population july 1, 2000', 'county']",2,['census 2000 population'],1,[],0,['census 2000 population'],1,[],0,[],0,[],0,[],0
identify the county that has the least population each year,,,,,,,,,,,,,,,,,,
what is the average population in 2000,[],0,"['population july 1, 2000']",1,"['population', 'census 2000 population']",2,[],0,['census 2000 population'],1,[],0,['population'],1,[],0,[],0
is there a regional concentration trend in gdp development,['gdp'],1,[],0,['country'],1,[],0,[],0,[],0,['gdp'],1,[],0,[],0
how are gdp and mteu correlated,"['mteu', 'gdp']",2,[],0,[],0,[],0,[],0,"['mteu', 'gdp']",2,[],0,[],0,[],0
is there an outlier within the value distribution of albinism that causes the result to be skewed,['albino'],1,[],0,[],0,[],0,[],0,[],0,[],0,[],0,[],0
"find all the types of genetic diseases with greater than 1,000 patients","['autism', 'deaf-mute', 'deaf-blind', 'mentally impaired', 'physical impaired', 'visually impaired']",6,[],0,['albino'],1,[],0,"['albino', 'autism', 'deaf-mute', 'deaf-blind', 'mentally impaired', 'physical impaired', 'visually impaired']",7,[],0,[],0,"['autism', 'deaf-mute', 'deaf-blind', 'mentally impaired', 'physical impaired', 'visually impaired']",6,[],0
tell me the maximum and minimum number of patients with autism across all regions,['autism'],1,[],0,['region'],1,[],0,[],0,['autism'],1,['region'],1,[],0,[],0
what is the spatial and temporal correlation of albinism,"['region', 'albino']",2,['year'],1,[],0,['region'],1,[],0,[],0,[],0,[],0,[],0
does this data represent outliers in the number of patients,"['albino', 'autism', 'deaf-mute', 'deaf-blind', 'mentally impaired', 'physical impaired', 'visually impaired']",7,[],0,[],0,[],0,"['albino', 'autism', 'deaf-mute', 'deaf-blind', 'mentally impaired', 'physical impaired', 'visually impaired']",7,[],0,[],0,[],0,[],0
take out the regions with a number of patients larger than 500,['region'],1,[],0,"['albino', 'autism', 'deaf-mute', 'deaf-blind', 'mentally impaired', 'physical impaired', 'visually impaired']",7,[],0,"['albino', 'autism', 'deaf-mute', 'deaf-blind', 'mentally impaired', 'physical impaired', 'visually impaired']",7,[],0,['region'],1,[],0,[],0
"looking at the number of people in all regions with a visual impairment, what is the median",['region'],1,['visually impaired'],1,['visual impairment'],1,[],0,[],0,[],0,"['visual impairment', 'region']",2,[],0,[],0
does the value distribution of albinism look skewed,['albino'],1,[],0,[],0,[],0,[],0,[],0,[],0,[],0,[],0
is there an obvious clustering,[],0,[],0,"['albino', 'region', 'autism', 'deaf-mute', 'deaf-blind', 'mentally impaired', 'physical impaired', 'visually impaired']",8,[],0,"['albino', 'region', 'autism', 'deaf-mute', 'deaf-blind', 'mentally impaired', 'physical impaired', 'visually impaired']",8,[],0,[],0,[],0,[],0
kindly rate the regions on the basis of the number of patients,"['albino', 'autism', 'deaf-mute', 'deaf-blind', 'mentally impaired', 'physical impaired', 'visually impaired']",7,[],0,['region'],1,[],0,"['albino', 'autism', 'deaf-mute', 'deaf-blind', 'mentally impaired', 'physical impaired', 'visually impaired']",7,[],0,['region'],1,[],0,[],0
give me the movie that received the most nominations,['film'],1,[],0,['nominee'],1,[],0,[],0,[],0,[],0,[],0,[],0
"out of the winners for best performance by an actor in a motion picture- musical or comedy from 2003 to 2020, the most abnormal age belongs to which actor",['win'],1,"['year_award', 'category', 'nominee film']",3,[],0,[],0,[],0,['win'],1,[],0,[],0,[],0
can you organize the results of the table by sorting the list according to the age of the stars,[],0,[],0,[],0,[],0,[],0,[],0,[],0,[],0,[],0
can you list all the results in the table about the movie ' about  ',[],0,"['nominee film', 'year_film', 'year_award', 'win']",4,['film'],1,[],0,[],0,[],0,[],0,[],0,['film'],1
what was the gender of all actors among all the final winners in the 60th ceremony,[],0,[],0,"['ceremony', 'win']",2,[],0,[],0,[],0,"['ceremony', 'win']",2,[],0,[],0
tell me who won the best performance by an actor in a motion picture- drama award at the 60th ceremony,"['category', 'win']",2,['nominee film'],1,"['ceremony', 'nominee']",2,[],0,['nominee'],1,['win'],1,['ceremony'],1,[],0,['category'],1
can you list all the results in the table about the movie ' about schmidt ',[],0,"['nominee film', 'year_film', 'year_award', 'win']",4,['film'],1,[],0,[],0,[],0,[],0,[],0,['film'],1
i would like to review the dispersement of the amount of nominations,[],0,['film'],1,['nominee'],1,[],0,[],0,[],0,[],0,[],0,[],0
"in the 60th ceremony, the award for best performance by an actor in a motion picture was won by whom","['category', 'win']",2,['nominee film'],1,"['ceremony', 'nominee']",2,[],0,['nominee'],1,['win'],1,['ceremony'],1,[],0,['category'],1
which actor was nominated for the most awards,['nominee'],1,['category'],1,[],0,[],0,[],0,[],0,['nominee'],1,[],0,[],0
can the actors nationality impact the outcome,[],0,[],0,"['nominee', 'win']",2,[],0,['nominee'],1,[],0,[],0,[],0,[],0
what was the number of candidates that were nominated for best performance by an actor in a motion picture-drama at he 60th ceremony,['ceremony'],1,"['category', 'nominee film']",2,['nominee'],1,[],0,[],0,[],0,"['ceremony', 'nominee']",2,['ceremony'],1,[],0
what is the total number of movies released in the year 1998,['year_film'],1,[],0,[],0,[],0,[],0,[],0,[],0,[],0,['year_film'],1
can you tell me what movie won best original score in a motion picture in 1997,"['year_film', 'win']",2,"['year_award', 'nominee film']",2,"['film', 'category']",2,[],0,[],0,['win'],1,[],0,[],0,"['year_film', 'category']",2
what is the correlation between the nomination and the age of a star,[],0,"['year_film', 'year_award', 'nominee film', 'win']",4,['nominee'],1,[],0,[],0,[],0,['nominee'],1,[],0,[],0
tell me the distribution for the book ratings,['averagerating'],1,[],0,[],0,[],0,[],0,[],0,[],0,[],0,[],0
can you rearrange the table by book rating in descending order,['averagerating'],1,[],0,[],0,[],0,[],0,[],0,[],0,[],0,[],0
what books have low ratings that seem suspect,['averagerating'],1,[],0,['title'],1,[],0,['title'],1,[],0,[],0,[],0,[],0
tell me the book ratings distribution,['averagerating'],1,[],0,[],0,[],0,[],0,[],0,[],0,[],0,[],0
which author has worked with dark horse comics most frequently,['authors'],1,[],0,['categories'],1,[],0,[],0,['authors'],1,[],0,[],0,['categories'],1
please go and get all of the books written in english,['language'],1,[],0,['title'],1,[],0,"['title', 'language']",2,[],0,[],0,[],0,[],0
are there outliers in the book ratings,['averagerating'],1,[],0,[],0,[],0,[],0,[],0,[],0,[],0,[],0
"of fiction books, which are written in english","['title', 'language']",2,[],0,['catogories'],1,['title'],1,['language'],1,[],0,[],0,[],0,['catogories'],1
please review this dataset and tell me which authors it includes,['authors'],1,[],0,[],0,[],0,[],0,['authors'],1,[],0,[],0,[],0
how many books have been released by dark horse comics,['title'],1,[],0,['publisher'],1,['title'],1,['publisher'],1,[],0,[],0,[],0,[],0
what is the most expensive book and who published it,[],0,['pagecount'],1,['publisher'],1,[],0,[],0,[],0,[],0,[],0,[],0
show a list of similarly rated books,"['title', 'averagerating']",2,[],0,[],0,[],0,['title'],1,[],0,[],0,[],0,[],0
produce a list of book titles published during the current year,['publisheddate'],1,[],0,['title'],1,[],0,['publisheddate'],1,[],0,['title'],1,[],0,[],0
dark horse comic has how many books,,,,,,,,,,,,,,,,,,
what is the total number of categories,['category'],1,[],0,[],0,[],0,[],0,['category'],1,[],0,[],0,[],0
can you tell me the total number of categories,['category'],1,[],0,[],0,[],0,[],0,[],0,['category'],1,[],0,[],0
what's the size of ' kids paint free- drawing fun ',"['app', 'size']",2,[],0,[],0,[],0,[],0,['size'],1,[],0,[],0,[],0
does a app exist that is much different than the others,['app'],1,"['category', 'rating', 'reviews', 'size', 'installs', 'type', 'price', 'content rating', 'genres']",9,[],0,[],0,[],0,[],0,['app'],1,[],0,[],0
what is the total amount of genres,['genres'],1,[],0,[],0,[],0,[],0,[],0,['genres'],1,[],0,[],0
what is the title of the biggest app,['app'],1,['installs'],1,['size'],1,[],0,['size'],1,[],0,['app'],1,[],0,[],0
what apps have a perfect rating and a lot of reviews,"['rating', 'reviews']",2,[],0,['app'],1,[],0,[],0,[],0,['app'],1,[],0,[],0
see if you can locate the most recent gaming app,['category'],1,['last updated'],1,"['lastupdated', 'app']",2,[],0,['lastupdated'],1,[],0,['app'],1,[],0,['category'],1
tell me free or paid apps have a higher mean rating,"['rating', 'type']",2,[],0,['app'],1,[],0,[],0,[],0,"['app', 'rating']",2,[],0,['type'],1
which genres are included in the dataset,['genres'],1,[],0,[],0,[],0,[],0,[],0,['genres'],1,[],0,[],0
which apps have support for versions of android lower than 40,['android ver'],1,[],0,['app'],1,[],0,[],0,[],0,['app'],1,[],0,['android ver'],1
describe shape of the distribution for the number of installations,['installs'],1,[],0,[],0,[],0,[],0,[],0,[],0,[],0,[],0
show me the app that costs the most,['price'],1,[],0,['app'],1,[],0,[],0,[],0,['app'],1,[],0,[],0
is there a relationship between the android version of an app and its installations,"['installs', 'android ver']",2,[],0,[],0,[],0,[],0,[],0,['android ver'],1,[],0,[],0
show me the most recent version of androids ' discover color ',['current ver'],1,['app'],1,['last updated'],1,['current ver'],1,['last updated'],1,[],0,[],0,[],0,[],0
"when taking different android versions into account, does that have any impact on installation","['installs', 'android ver']",2,[],0,[],0,[],0,['android ver'],1,[],0,[],0,[],0,[],0
give me a list of all the free business apps that have received rating that were higher than a 45,"['rating', 'type']",2,['category'],1,"['app', 'genres']",2,[],0,[],0,['rating'],1,['app'],1,[],0,"['type', 'genres']",2
can you tell me the attribute 'rating ' be affected 'installation,"['rating', 'installs']",2,[],0,[],0,[],0,[],0,['rating'],1,[],0,[],0,[],0
what's the price distribution in beauty apps,['price'],1,[],0,['category'],1,[],0,[],0,[],0,['price'],1,[],0,['category'],1
"which app has a rating that doesn 't follow a trend between installations, rating and number of reviews","['installs', 'rating', 'reviews']",3,[],0,['app'],1,[],0,[],0,[],0,"['app', 'rating', 'reviews', 'installs']",4,[],0,[],0
what is the app with the most abnormal pattern,[],0,"['rating', 'reviews', 'installs', 'price']",4,['app'],1,[],0,[],0,[],0,['app'],1,[],0,[],0
are there an unusually high number of reviews for any of the apps,['reviews'],1,[],0,['app'],1,[],0,[],0,[],0,['app'],1,[],0,[],0
what is the distribution of the number based on shape of installations,['installs'],1,['type'],1,[],0,[],0,[],0,[],0,[],0,[],0,[],0
is there an effect on price caused by the app's genre,['price'],1,['genres'],1,['genre'],1,[],0,[],0,['price'],1,['genre'],1,[],0,[],0
is there a correlation between apps with more installations and higher ratings,['rating'],1,['installs'],1,['install'],1,[],0,[],0,[],0,['install'],1,[],0,[],0
"tell me the most pricey apps by release date, recent to oldest","['price', 'last updated']",2,[],0,[],0,['last updated'],1,[],0,['price'],1,[],0,[],0,[],0
find out any app that is distinctive from the rest,['app'],1,"['category', 'rating', 'reviews', 'size', 'installs', 'type', 'price', 'content rating', 'genres', 'last updated', 'current ver', 'android ver']",12,[],0,[],0,[],0,[],0,['app'],1,[],0,[],0
list the top 10 gaming apps sorted from highest to lowest installations,[],0,"['app', 'installs']",2,"['rating', 'category']",2,[],0,['rating'],1,[],0,[],0,[],0,['category'],1
can you tell me the price distribution of all the beauty apps,['price'],1,[],0,['genre'],1,[],0,[],0,['price'],1,[],0,[],0,['genre'],1
name any apps that can support any version of android lower than 40,['android ver'],1,[],0,['app'],1,[],0,[],0,[],0,['app'],1,[],0,['android ver'],1
what differences are there among the students who acquired more than 270 points between 2010-2019,[],0,"['first name', 'last name', 'total\npoints student\naverage']",3,['total'],1,[],0,[],0,[],0,['total'],1,"['first name', 'last name']",2,[],0
tell me all of the categories of grade types,['grade'],1,[],0,[],0,[],0,[],0,[],0,['grade'],1,[],0,[],0
use the midterm exam and final exam as the 2nd and 1st keywords respectively in order to assign a rank to every one of the students,['final exam'],1,['mid-term exams'],1,['mid-term exam'],1,[],0,[],0,[],0,['final exam'],1,"['mid-term exams', 'final exam']",2,[],0
what did the majority of students receive as a grade,['grade'],1,[],0,[],0,[],0,[],0,['grade'],1,[],0,[],0,[],0
use the final exam as the first keyword and midterm exam as the second keyword to rank all the students,['final exam'],1,['mid-term exams'],1,['mid-term exam'],1,[],0,[],0,['final exam'],1,[],0,[],0,[],0
"show me the scope, among all the students, of the cw2 score",[],0,['cw 2'],1,['cw2'],1,[],0,[],0,[],0,['cw2'],1,[],0,[],0
"in cw1, how many students achieved the feat of 100%, or full marks",[],0,['cw 1'],1,['cw1'],1,[],0,[],0,[],0,['cw1'],1,[],0,[],0
rank the grades from highest to lowest according to the average score,[],0,['average'],1,"['grade', 'student average']",2,[],0,[],0,[],0,"['grade', 'student average']",2,[],0,[],0
can you tell me the median score of the cw1 class,[],0,['cw 1'],1,['cw1'],1,[],0,[],0,[],0,['cw1'],1,[],0,[],0
do you know the median score of all students in cw1,[],0,['cw 1'],1,['cw1'],1,[],0,[],0,[],0,['cw1'],1,[],0,[],0
how many students received an a,['grade'],1,[],0,[],0,[],0,[],0,[],0,[],0,[],0,['grade'],1
select all cw1 scores not less than 80%,[],0,['cw 1'],1,['cw1'],1,[],0,[],0,[],0,['cw1'],1,[],0,[],0
arrange the students by grade and furnish me with a list,['grade'],1,[],0,[],0,[],0,[],0,['grade'],1,[],0,[],0,[],0
was the same midterm exam given to velma paul and glynis caine,"['first name', 'last name']",2,['mid-term exams'],1,['mid-term exam'],1,[],0,[],0,[],0,['mid-term exam'],1,[],0,[],0
what is the relationship between level of education and crime rate,['education'],1,['intent'],1,[],0,[],0,[],0,[],0,['education'],1,[],0,[],0
are there any visible trends in violent crime rates over the time period,[],0,"['years', 'firearm deaths (people)', 'homicide (people)', 'suicide (people)', 'unintentional (people)', 'legal intervention (people)', 'undetermined (people)']",7,"['date', 'n_killed']",2,[],0,"['date', 'n_killed']",2,[],0,[],0,[],0,[],0
what is the most frequent place of violent crime,['place'],1,[],0,[],0,[],0,[],0,[],0,['place'],1,[],0,[],0
are there any correlations between crime types and geographic location,[],0,"['incident_characteristics', 'state', 'city_or_county', 'location_description', 'gun_type']",5,"['intent', 'place']",2,[],0,"['intent', 'place']",2,[],0,[],0,[],0,[],0
what is the distribution for non-violent crimes based on age,"['age', 'intent']",2,[],0,[],0,[],0,['intent'],1,[],0,['age'],1,[],0,[],0
are there any correlations in violent or non-violent crimes based on congressional district and year,"['congressional_district', 'year', 'n_killed']",3,['n_injured'],1,[],0,['n_killed'],1,[],0,[],0,"['year', 'congressional_district']",2,[],0,[],0
is there a somewhat even distribution between the year and congressional district,"['year', 'congressional_district']",2,[],0,[],0,[],0,[],0,[],0,"['year', 'congressional_district']",2,[],0,[],0
what city has the highest crime rate,['city_or_county'],1,"['n_killed', 'n_injured']",2,[],0,[],0,[],0,[],0,[],0,[],0,[],0
what’s the frequency of gun violence incidents with multiple victims,"['n_injured', 'n_killed']",2,[],0,[],0,"['n_injured', 'n_killed']",2,[],0,[],0,[],0,[],0,[],0
how many gun violence incidents are there each year,[],0,['date'],1,['year'],1,[],0,[],0,[],0,['year'],1,[],0,[],0
are there any significant correlations between any 2 variables in the dataset,[],0,[],0,[],0,[],0,[],0,[],0,[],0,[],0,[],0
how many incidents of gun violence result in death (ie what proportion are fatal vs non-fatal),['n_killed'],1,['n_injured'],1,[],0,['n_killed'],1,[],0,[],0,[],0,[],0,[],0
what鈥檚 the frequency of gun violence incidents with multiple victims,"['n_injured', 'n_killed']",2,[],0,[],0,"['n_injured', 'n_killed']",2,[],0,[],0,[],0,[],0,[],0
are males or females more likely to die of gun violence,['sex'],1,[],0,[],0,['sex'],1,[],0,[],0,[],0,[],0,[],0
is one sex more likely to perpetrate gun violence,['sex'],1,[],0,[],0,['sex'],1,[],0,[],0,[],0,[],0,[],0
is more gun violence committed with stolen guns or non stolen guns,['gun_stolen'],1,['n_killed'],1,[],0,[],0,[],0,[],0,['gun_stolen'],1,[],0,[],0
how have homicide rates increased over time,[],0,"['homicide (people)', 'years']",2,"['year', 'intent']",2,[],0,[],0,[],0,[],0,[],0,['intent'],1
what type of gun violence has seen the most growth over the years,[],0,['incident characteristics'],1,"['intent', 'year']",2,[],0,['intent'],1,[],0,['year'],1,[],0,[],0
are most gun death because of suicide,[],0,"['suicide (people)', 'homicide (people)', 'firearm deaths (people)']",3,['intent'],1,[],0,[],0,[],0,[],0,[],0,['intent'],1
did most gun violence happen inside home,[],0,[],0,['place'],1,[],0,[],0,[],0,[],0,[],0,['place'],1
what is the correlation between education levels and suicide rates,['education'],1,['suicide (people)'],1,['intent'],1,[],0,[],0,['education'],1,[],0,[],0,['intent'],1
which state/year has the most gun deaths,"['state', 'year']",2,['firearm deaths (people)'],1,['n_killed'],1,[],0,['n_killed'],1,[],0,"['state', 'year']",2,[],0,[],0
"according to population, what is the rank of each of region","['region', 'population']",2,[],0,[],0,[],0,[],0,['population'],1,['region'],1,[],0,[],0
what is the number of hospitals located in manyara,"['hospital', 'region']",2,[],0,[],0,[],0,[],0,['hospital'],1,[],0,[],0,[],0
which 10 regions have the most health centers,['region'],1,['health centre'],1,['health center'],1,[],0,[],0,[],0,"['health center', 'region']",2,[],0,[],0
look up regions that names start with the letter a,['region'],1,[],0,[],0,[],0,[],0,[],0,['region'],1,[],0,[],0
make a list of the number of total hfs in descending order,['total hfs'],1,[],0,[],0,[],0,[],0,['total hfs'],1,[],0,[],0,[],0
what is the average count of hospitals,['hospital'],1,[],0,[],0,[],0,[],0,['hospital'],1,[],0,[],0,[],0
what is the number of clinics that are in mara,"['clinic', 'region']",2,[],0,[],0,[],0,[],0,['clinic'],1,[],0,[],0,['region'],1
what's the distribution of the entire hfs,['total hfs'],1,['region'],1,"['hospital', 'health center', 'dispensary', 'clinic']",4,['total hfs'],1,"['hospital', 'health center', 'dispensary', 'clinic']",4,[],0,[],0,[],0,[],0
which region has the lowest population ratio of hf,"['region', 'ration of population over hf']",2,[],0,[],0,[],0,[],0,['ration of population over hf'],1,['region'],1,[],0,[],0
enter the regions from this table,['region'],1,[],0,[],0,[],0,[],0,[],0,[],0,[],0,[],0
look for the region that has the most people living in it,"['region', 'population']",2,[],0,[],0,['population'],1,[],0,[],0,['region'],1,[],0,[],0
remove any regions with a population ratio of hf lower than 15,['ration of population over hf'],1,['region'],1,[],0,[],0,[],0,['ration of population over hf'],1,[],0,[],0,[],0
the population range needs to be discovered,['population'],1,[],0,[],0,[],0,[],0,['population'],1,[],0,[],0,[],0
do any regions have their population ratio over 20 hf,['ration of population over hf'],1,[],0,[],0,[],0,['ration of population over hf'],1,[],0,[],0,[],0,[],0
"when the score difference is more than 5, please list the extreme matches to this","['home_score', 'away_score']",2,"['home_team', 'away_team']",2,[],0,"['home_score', 'away_score']",2,[],0,[],0,[],0,[],0,[],0
please indicate the friendly tournament matches in which the home team beat the away team,"['home_score', 'away_score', 'tournament']",3,"['home_team', 'away_team']",2,['date'],1,[],0,"['home_score', 'away_score', 'date']",3,[],0,[],0,[],0,['tournament'],1
tell me all the tournament matches that the home team won against the away team,"['home_score', 'away_score']",2,"['home_team', 'away_team']",2,['tournament'],1,"['home_score', 'away_score']",2,[],0,[],0,['tournament'],1,[],0,[],0
which group of nations won the most games,[],0,"['home_team', 'away_team']",2,"['home_score', 'away_score', 'country']",3,[],0,"['home_score', 'away_score']",2,[],0,[],0,[],0,[],0
"based on the number of matches, can you tell me what the distribution of cities is",['city'],1,[],0,[],0,[],0,[],0,['city'],1,[],0,[],0,[],0
what group of nations of have the most games,[],0,"['home_team', 'away_team']",2,['country'],1,[],0,[],0,[],0,[],0,[],0,[],0
what countries have won a similar number of games,[],0,"['home_team', 'away_team']",2,"['country', 'away_score', 'home_score']",3,[],0,"['away_score', 'home_score']",2,[],0,['country'],1,[],0,[],0
do you know which videos have more than 100 tags,['tags'],1,['video_id'],1,['title'],1,[],0,['title'],1,[],0,[],0,[],0,['tags'],1
"in the videos by ' eminemvevo ', what are the average number of comments made",['comment_count'],1,['comments_disabled'],1,['channel_title'],1,[],0,[],0,[],0,[],0,[],0,['channel_title'],1
filter all the videos published before yesterday,[],0,['trending_date'],1,['publish_time'],1,[],0,['publish_time'],1,[],0,[],0,[],0,[],0
which videos are missing thumbnail links,['thumbnail_link'],1,[],0,[],0,[],0,[],0,[],0,['thumbnail_link'],1,[],0,[],0
' plush- bad unboxing fan mail ' belongs to which specific channel,[],0,[],0,['channel_title'],1,[],0,[],0,[],0,[],0,[],0,[],0
which video has the most tags,['tags'],1,['video_id'],1,['title'],1,[],0,['title'],1,[],0,['tags'],1,[],0,[],0
"give me a list of videos, ordered by the number of likes, that are on the channel ' eminemvevo '","['likes', 'channel_title']",2,['video_id'],1,['title'],1,[],0,['title'],1,[],0,"['likes', 'channel_title']",2,"['video_id', 'likes', 'channel_title']",3,[],0
show me the video with the highest number of tags,['tags'],1,[],0,['title'],1,[],0,['title'],1,[],0,['tags'],1,[],0,[],0
indicate the number of likes that ' plush- bad unboxing fan mail ' receives,['likes'],1,[],0,['title'],1,[],0,[],0,[],0,['likes'],1,[],0,['title'],1
what is the number if likes from the ' plush- bad unboxing fan mail ' video,['likes'],1,[],0,['title'],1,[],0,[],0,[],0,['likes'],1,[],0,['title'],1
discover the most liked removed video,"['likes', 'video_error_or_removed']",2,[],0,['title'],1,['video_error_or_removed'],1,['title'],1,['likes'],1,[],0,[],0,[],0
are there are special characters included in the title,['title'],1,[],0,[],0,[],0,[],0,[],0,['title'],1,[],0,[],0
do videos with longer titles get more attention,"['title', 'views']",2,[],0,[],0,['views'],1,[],0,[],0,['title'],1,[],0,[],0
tell me about the ' plush- bad unboxing fan mail ' video,['channel_title'],1,"['title', 'category_id', 'publish_time', 'tags', 'views', 'likes', 'dislikes', 'comment_count', 'comments_disabled', 'ratings_disabled', 'video_error_or_removed', 'description']",12,[],0,[],0,[],0,[],0,[],0,[],0,[],0
can you show me how the likes are distributed,['likes'],1,[],0,[],0,[],0,[],0,[],0,['likes'],1,[],0,[],0
what is the propensity of the number of vehicles in japan and korea from the year 2000 to 2010,[],0,[],0,[],0,[],0,[],0,[],0,[],0,[],0,[],0
does life expectancy have any relation with the percentage of smokers,"['life expectancy (by years)', 'percentage of smokers']",2,[],0,[],0,[],0,[],0,[],0,"['percentage of smokers', 'life expectancy (by years)']",2,[],0,[],0
is the male to female ratio more imbalanced in the last decade in russia,[],0,[],0,[],0,[],0,[],0,[],0,[],0,[],0,[],0
show me the gdp ranking of european countries,[],0,[],0,[],0,[],0,[],0,[],0,[],0,[],0,[],0
"to cluster the states in the us, i wish to use middle income","['median income 2007', 'state']",2,[],0,[],0,[],0,['median income 2007'],1,[],0,['state'],1,[],0,[],0
do all the countries in africa have a lower average pci than all the countries in europe,[],0,"['gdp per capita', 'continent']",2,[],0,[],0,[],0,[],0,[],0,[],0,[],0
could you tell me the continental location of the poorest ( lowest income ) country,"['median income 2007', 'state']",2,['population 2007'],1,[],0,['state'],1,[],0,['median income 2007'],1,[],0,[],0,[],0
"when looking at the average income in european countries, what is the variance",,,,,,,,,,,,,,,,,,
what is the average height of the floors of these buildings,"['meters', 'stories']",2,[],0,[],0,[],0,['meters'],1,[],0,[],0,[],0,[],0
compare the number of tall buildings in hong kong with taiwan,[],0,"['name', 'country/region']",2,['building/city'],1,[],0,[],0,[],0,[],0,[],0,['building/city'],1
compare the number of tall buildings in hong kong with taiwan,[],0,"['name', 'country/region']",2,['building/city'],1,[],0,[],0,[],0,[],0,[],0,['building/city'],1
what location has the highest number of tall buildings,['country/region'],1,[],0,['building/city'],1,[],0,[],0,[],0,[],0,[],0,[],0
"provide the total sum of all the separated, divorced, and widowed people in lindi","['separated', 'divorced', 'widowed']",3,[],0,['region'],1,[],0,[],0,"['separated', 'divorced', 'widowed']",3,[],0,[],0,['region'],1
does simiyu have a similar structure of peope as that of katavi,[],0,[],0,['region'],1,[],0,[],0,[],0,[],0,[],0,['region'],1
can you tell me how mara attributes are distributed,[],0,[],0,['region'],1,[],0,[],0,[],0,[],0,[],0,['region'],1
is the total attribute of one area equal to the sum of the other attributes in any area,['total'],1,"['never married', 'married', 'living together', 'separated', 'divorced', 'widowed']",6,[],0,[],0,[],0,[],0,['total'],1,[],0,[],0
relationship between imdb rating and rotten tomatoes rating,"['imdb rating', 'rotten tomatoes rating']",2,[],0,[],0,[],0,[],0,"['imdb rating', 'rotten tomatoes rating']",2,[],0,[],0,[],0
what's the production budget for movies in different years,"['production budget', 'release year']",2,['worldwide gross'],1,[],0,[],0,[],0,[],0,['production budget'],1,[],0,[],0
movie gross and budget relationship based on genre,"['worldwide gross', 'production budget', 'major genre']",3,[],0,[],0,[],0,[],0,"['worldwide gross', 'production budget', 'major genre']",3,[],0,[],0,[],0
show me imdb rating versus rotten tomatoes rating,"['imdb rating', 'rotten tomatoes rating']",2,[],0,[],0,[],0,[],0,[],0,"['rotten tomatoes rating', 'imdb rating']",2,[],0,[],0
what creative type of movie had the highest production budget for each content rating,"['creative type', 'production budget', 'content rating']",3,[],0,[],0,[],0,[],0,"['creative type', 'production budget', 'content rating']",3,[],0,[],0,[],0
what is the relationship between production budget and worldwide gross for each major genre,"['worldwide gross', 'production budget', 'major genre']",3,[],0,[],0,[],0,[],0,['major genre'],1,"['worldwide gross', 'production budget']",2,[],0,[],0
what is the relationship between release year and average production budget,"['release year', 'production budget']",2,[],0,[],0,[],0,[],0,[],0,"['production budget', 'release year']",2,[],0,[],0
what major genre had the highest average worldwide gross,"['worldwide gross', 'major genre']",2,[],0,[],0,[],0,[],0,"['worldwide gross', 'major genre']",2,[],0,[],0,[],0
what major genre had the lowest average worldwide gross,"['worldwide gross', 'major genre']",2,[],0,[],0,[],0,[],0,"['worldwide gross', 'major genre']",2,[],0,[],0,[],0
how much did average worldwide gross vary by major genre,"['worldwide gross', 'major genre']",2,[],0,[],0,[],0,[],0,"['worldwide gross', 'major genre']",2,[],0,[],0,[],0
how many movies are there are of each creative type,['creative type'],1,[],0,[],0,[],0,[],0,[],0,['creative type'],1,[],0,[],0
which creative type had the most movies,['creative type'],1,[],0,[],0,[],0,[],0,['creative type'],1,[],0,[],0,[],0
which creative type had the fewest movies,['creative type'],1,[],0,[],0,[],0,[],0,['creative type'],1,[],0,[],0,[],0
what is the total worldwide gross for each major genre across time,"['worldwide gross', 'major genre', 'release year']",3,[],0,[],0,[],0,[],0,['worldwide gross'],1,['major genre'],1,[],0,[],0
is there a relationship between production budget and worldwide gross for each content rating,"['production budget', 'worldwide gross', 'content rating']",3,[],0,[],0,[],0,[],0,"['production budget', 'worldwide gross', 'content rating']",3,[],0,[],0,[],0
what is the distribution of running times for each movie,['running time'],1,['title'],1,[],0,[],0,[],0,['running time'],1,[],0,[],0,[],0
is there a relationship between imdb rating and rotten tomatoes rating,"['imdb rating', 'rotten tomatoes rating']",2,[],0,[],0,[],0,[],0,"['imdb rating', 'rotten tomatoes rating']",2,[],0,[],0,[],0
movie run time distribution,['running time'],1,[],0,[],0,[],0,[],0,['running time'],1,[],0,[],0,[],0
how production budget changes over release years,"['production budget', 'release year']",2,[],0,[],0,[],0,[],0,"['production budget', 'release year']",2,[],0,[],0,[],0
what was the average production budget of movies by year,"['production budget', 'release year']",2,[],0,[],0,[],0,[],0,"['production budget', 'release year']",2,[],0,[],0,[],0
"what's the average production budget of the different rated movies, separated by creative type","['production budget', 'content rating', 'creative type']",3,[],0,[''],1,[],0,['content rating'],1,"['production budget', 'creative type']",2,[],0,[],0,[],0
which genre movie makes most worldwide gross,['worldwide gross'],1,['major genre'],1,['movie genre'],1,[],0,['movie genre'],1,['worldwide gross'],1,[],0,[],0,[],0
are imdb rating and rotten tomatoes rating related,"['imdb rating', 'rotten tomatoes rating']",2,[],0,[],0,[],0,[],0,['rotten tomatoes rating'],1,[],0,[],0,[],0
what is the worldwide gross distribution per genre,"['worldwide gross', 'major genre']",2,[],0,[],0,[],0,[],0,"['worldwide gross', 'major genre']",2,[],0,[],0,[],0
what's the breakdown of production budget by creative type per content rating,"['production budget', 'creative type', 'content rating']",3,[],0,[],0,[],0,[],0,[],0,"['production budget', 'content rating', 'creative type']",3,[],0,[],0
how does rotten tomatoes rating change as imdb rating,"['rotten tomatoes rating', 'imdb rating']",2,[],0,[],0,[],0,[],0,"['rotten tomatoes rating', 'imdb rating']",2,[],0,[],0,[],0
what is the total worldwide gross earned by each major genre and content rating,"['worldwide gross', 'major genre', 'content rating']",3,[],0,[],0,[],0,[],0,['worldwide gross'],1,"['content rating', 'major genre']",2,[],0,[],0
"for each genre and rating, what is the total world-wide gross earnings","['worldwide gross', 'content rating', 'major genre']",3,[],0,[],0,[],0,[],0,"['worldwide gross', 'content rating', 'major genre']",3,[],0,[],0,[],0
how much did each type of movie earn in across the whole world,['worldwide gross'],1,['major genre'],1,['creative type'],1,[],0,"['creative type', 'worldwide gross']",2,[],0,[],0,[],0,[],0
how much money did movies of each genre and rating make,"['worldwide gross', 'content rating', 'major genre']",3,[],0,[],0,[],0,"['content rating', 'worldwide gross']",2,['major genre'],1,[],0,[],0,[],0
"what was the average budget for each content rating and creative type, as multiple column charts","['content rating', 'creative type', 'production budget']",3,[],0,[],0,[],0,[],0,"['content rating', 'creative type', 'production budget']",3,[],0,[],0,[],0
what is the average production budget in each year,"['production budget', 'release year']",2,[],0,[],0,[],0,[],0,['production budget'],1,['release year'],1,[],0,[],0
compare imdb rating to rotten tomatoes rating,"['imdb rating', 'rotten tomatoes rating']",2,[],0,[],0,[],0,[],0,['rotten tomatoes rating'],1,[],0,[],0,[],0
which creative types have the most movies,['creative type'],1,[],0,[],0,[],0,[],0,[],0,['creative type'],1,[],0,[],0
"on average, how much was earned by movies of each genre","['worldwide gross', 'major genre']",2,[],0,[],0,[],0,['worldwide gross'],1,[],0,['major genre'],1,[],0,[],0
how many movies are of each length,['running time'],1,[],0,[],0,['running time'],1,[],0,[],0,[],0,[],0,[],0
help me see outliers in imdb and rotten tomatoes ratings,"['imdb rating', 'rotten tomatoes rating']",2,[],0,[],0,[],0,[],0,"['imdb rating', 'rotten tomatoes rating']",2,[],0,[],0,[],0
what was the average worldwide gross of movies by genre,"['worldwide gross', 'major genre']",2,[],0,[],0,[],0,[],0,"['worldwide gross', 'major genre']",2,[],0,[],0,[],0
how much did major genres gross in total,"['major genre', 'worldwide gross']",2,[],0,[],0,[],0,[],0,"['major genre', 'worldwide gross']",2,[],0,[],0,[],0
gross across genres regarding content rating,"['worldwide gross', 'major genre', 'content rating']",3,[],0,[],0,[],0,[],0,"['worldwide gross', 'major genre', 'content rating']",3,[],0,[],0,[],0
what's the distribution of running times by movie,['running time'],1,['title'],1,[],0,[],0,[],0,['running time'],1,[],0,[],0,[],0
how many movies are there in 20 minute bins of running time,['running time'],1,[],0,[],0,[],0,[],0,[],0,['running time'],1,[],0,[],0
how many movies are there for each creative type,['creative type'],1,[],0,[],0,[],0,[],0,[],0,['creative type'],1,[],0,[],0
show me the variation in the amount ordered by different entities in different orders,[],0,"['amount', 'entity', 'order']",3,[],0,[],0,[],0,[],0,[],0,[],0,[],0
worldwide gross for each genre for each year 1995 to now,"['worldwide gross', 'major genre', 'release year']",3,[],0,[],0,[],0,[],0,"['worldwide gross', 'major genre']",2,[],0,[],0,['release year'],1
"cumulative gross for each content rating, by major genre","['worldwide gross', 'content rating', 'major genre']",3,[],0,[],0,['worldwide gross'],1,[],0,"['content rating', 'major genre']",2,[],0,[],0,[],0
relation between worldwide gross and production budget for each major genre,"['worldwide gross', 'production budget', 'major genre']",3,[],0,[],0,[],0,[],0,"['worldwide gross', 'production budget', 'major genre']",3,[],0,[],0,[],0
which position has the highest average of playing time,"['pos', 'mpg']",2,[],0,[],0,['mpg'],1,[],0,[],0,['pos'],1,[],0,[],0
name movies released in 2017,"['title', 'release_year']",2,[],0,[],0,[],0,[],0,['release_year'],1,[],0,[],0,[],0
is the normal distribuition satisfied by the length of the movies,['duration'],1,[],0,[],0,[],0,[],0,[],0,[],0,[],0,[],0
sort the movies by length,['duration'],1,[],0,['type'],1,[],0,[],0,[],0,[],0,[],0,['type'],1
how long is the run time of average r-rated movies,"['duration', 'rating']",2,[],0,[],0,[],0,[],0,[],0,[],0,[],0,['rating'],1
give me the numbers of movies that were released in 2017,['release_year'],1,['type'],1,[],0,[],0,[],0,[],0,[],0,[],0,['release_year'],1
is there an average run time for movies,['duration'],1,[],0,[],0,[],0,[],0,[],0,[],0,[],0,[],0
is the running time of movies recently longer than it used to be,"['duration', 'release_year']",2,[],0,[],0,['release_year'],1,[],0,[],0,[],0,[],0,[],0
do movie tags and duration have a connection,"['duration', 'listed_in']",2,[],0,[],0,[],0,['listed_in'],1,['duration'],1,[],0,[],0,[],0
determine if the running time of movies has increased in recent years,"['duration', 'release_year']",2,[],0,[],0,[],0,[],0,[],0,['release_year'],1,[],0,[],0
show me the dates that netflix released movies,['type'],1,['release_year'],1,['date_added'],1,[],0,['date_added'],1,[],0,[],0,[],0,['type'],1
does any movies not have a description,['description'],1,[],0,[],0,[],0,[],0,[],0,['description'],1,[],0,[],0
at what point was data added to the table for netflix,['date_added'],1,[],0,[],0,[],0,['date_added'],1,[],0,[],0,[],0,[],0
"what is the percentage of the white population in blount county, alabama","['white', 'county', 'state']",3,[],0,[],0,[],0,[],0,['white'],1,[],0,[],0,"['state', 'county']",2
"what percentage of the blount county, alabama population is white","['white', 'county']",2,['totalpop'],1,['state'],1,[],0,[],0,['white'],1,[],0,[],0,['state'],1
sort all the counties in connecticut by the percentages of the hispanic population,['hispanic'],1,['county'],1,['state'],1,[],0,[],0,['hispanic'],1,[],0,[],0,['state'],1
tell me which county has the greatest number of female residents,"['county', 'women']",2,[],0,[],0,[],0,[],0,[],0,['county'],1,[],0,[],0
calculate the average black population for each state,"['state', 'black']",2,[],0,[],0,[],0,[],0,['black'],1,['state'],1,[],0,[],0
i want to see the distribution of the school rankings in geita in 2006,"['rank', 'year_of_result']",2,['district'],1,['region'],1,[],0,[],0,['rank'],1,[],0,[],0,"['region', 'year_of_result']",2
create a list of schools showing the descending order by change_p,['change_previous_year'],1,['name'],1,[],0,[],0,[],0,['change_previous_year'],1,[],0,[],0,[],0
can you provide a list of school names in geita,"['name', 'region']",2,[],0,[],0,[],0,[],0,['name'],1,[],0,[],0,[],0
determine if there are any schools in neighboring regions that have similar avg_m,"['avg_mark', 'region']",2,[],0,[],0,[],0,[],0,['avg_mark'],1,['region'],1,[],0,[],0
can you tell me what peacland english medium school's change pre is in 2016,"['change_previous_year', 'name', 'year_of_result']",3,[],0,[],0,[],0,[],0,['change_previous_year'],1,[],0,[],0,[],0
list the values of kwema modern pr school's change_p in all the years,"['change_previous_year', 'name']",2,[],0,['year_of_result'],1,[],0,[],0,['change_previous_year'],1,['year_of_result'],1,[],0,['name'],1
what schools have similar avg_m in the neighboring region,"['region', 'avg_mark']",2,[],0,[],0,[],0,[],0,[],0,"['region', 'avg_mark']",2,[],0,[],0
which of these school have a pass rate of over 90,,,,,,,,,,,,,,,,,,
they want to know what tactic is most effective during football,"['tactic', 'goals']",2,[],0,[],0,[],0,['goals'],1,['tactic'],1,[],0,[],0,[],0
were you aware of the most recent news,[],0,[],0,[],0,[],0,[],0,[],0,[],0,[],0,[],0
the clubs should be arranged by their shooting attempts,[],0,['player name'],1,['shooting attempts'],1,[],0,[],0,[],0,['shooting attempts'],1,[],0,[],0
what was the total amount of goals scored in the game that liverpool played in,"['goals', 'game']",2,['player name'],1,[],0,[],0,[],0,[],0,['game'],1,['game'],1,[],0
the games are sorted by experts by their date,,,,,,,,,,,,,,,,,,
rank these clubs by their shooting attempts,['shooting attempts'],1,['player name'],1,[],0,[],0,[],0,['shooting attempts'],1,[],0,[],0,[],0
are the students who are younger more likely to use wechat,"['age', 'social app']",2,[],0,[],0,[],0,[],0,[],0,[],0,[],0,['social app'],1
can lower study times among students cause greater failure rates in class,"['studytime', 'failures']",2,[],0,[],0,[],0,[],0,"['studytime', 'failures']",2,[],0,[],0,[],0
can you name an unusual reason for choosing this school,['reason'],1,[],0,['school'],1,[],0,[],0,['reason'],1,['school'],1,[],0,[],0
could you show me the list sorted by study time ( longest to shortest ),['studytime'],1,[],0,[],0,[],0,[],0,[],0,['studytime'],1,[],0,[],0
find the distribution by age,['age'],1,[],0,[],0,[],0,[],0,['age'],1,[],0,[],0,[],0
can you tell me which students have fathers that are teachers,['fjob'],1,[],0,[],0,['fjob'],1,[],0,[],0,[],0,[],0,[],0
retrieve the students with fathers who work as teachers,['fjob'],1,[],0,[],0,[],0,['fjob'],1,[],0,[],0,[],0,[],0
tell me the youngest students in the dataset,['age'],1,[],0,[],0,[],0,['age'],1,[],0,[],0,[],0,[],0
tell me the types of jobs the student's mothers have,['mjob'],1,[],0,[],0,['mjob'],1,[],0,[],0,[],0,[],0,[],0
i 'm wondering would the travel time decrease for students if they spent more time studying,"['traveltime', 'studytime']",2,[],0,[],0,[],0,[],0,[],0,"['traveltime', 'studytime']",2,[],0,[],0
would more time spent on studying reduce travel time for students,"['traveltime', 'studytime']",2,[],0,[],0,[],0,[],0,"['traveltime', 'studytime']",2,[],0,[],0,[],0
can you tell me the state which may have the largest average population in the next year,"['state', 'july 1, 2001 population', 'july 1, 2002 population']",3,[],0,"['july 1, 2000 population', 'april 1, 2000 population estimates base', 'census 2000 population']",3,"['july 1, 2001 population', 'july 1, 2002 population']",2,"['july 1, 2000 population', 'april 1, 2000 population estimates base', 'census 2000 population']",3,[],0,['state'],1,[],0,[],0
can you see any abnormalities in the suicide rates,[],0,"['suicides_no', 'population', 'suicides/100k pop', 'age', 'sex']",5,['suicide/100k pop'],1,[],0,['suicide/100k pop'],1,[],0,[],0,[],0,[],0
name the country with the lowest suicide rate,['country'],1,['suicides/100k pop'],1,['suicide/100k pop'],1,[],0,['suicide/100k pop'],1,[],0,['country'],1,[],0,[],0
do you know the average number of suicides in europe,[],0,['suicides_no'],1,['suicide/100k pop'],1,[],0,['suicide/100k pop'],1,[],0,[],0,[],0,[],0
are there any countries with anomalously low suicides rates,[],0,"['country', 'suicides/100k pop']",2,['suicide/100k pop'],1,[],0,['suicide/100k pop'],1,[],0,[],0,[],0,[],0
is there similarities between gdp per capita and suicide rates,[],0,"['gdp_per_capita', 'suicides/100k pop']",2,"['gdp_per_capita ($)', 'suicide/100k pop']",2,[],0,['suicide/100k pop'],1,[],0,['gdp_per_capita ($)'],1,[],0,[],0
were there any countries with abnormally low suicide rates,[],0,"['country', 'suicides/100k pop']",2,['suicide/100k pop'],1,[],0,['suicide/100k pop'],1,[],0,[],0,[],0,[],0
"with the suicide larger than 100, determine the ages in albania",['age'],1,"['suicides_no', 'country']",2,['suicide_no'],1,[],0,['suicide_no'],1,['age'],1,[],0,[],0,[],0
the country with the lowest suicide rate is,['country'],1,['suicides/100k pop'],1,['suicide/100k pop'],1,[],0,['suicide/100k pop'],1,[],0,['country'],1,[],0,[],0
what is the distribution rate of suicide,[],0,"['suicides_no', 'population', 'suicides/100k pop']",3,['suicide/100k pop'],1,[],0,['suicide/100k pop'],1,[],0,[],0,[],0,[],0
what is the total number of all suicides in 1999,['year'],1,['suicides_no'],1,['suicide_no'],1,[],0,[],0,[],0,[],0,['year'],1,['suicide_no'],1
would there be any clustering of countries in terms of suicide rates,['country'],1,['suicides/100k pop'],1,['suicide/100k pop'],1,[],0,['suicide/100k pop'],1,['country'],1,[],0,[],0,[],0
create a list showing the ages of people who committed suicide in albania,['age'],1,[],0,['country'],1,[],0,[],0,['age'],1,[],0,[],0,['country'],1
"for the gdp of china, has it gone up or down over the last decade","['year', 'country']",2,['gdp_for_year ($)'],1,['gdp_per_year ($)'],1,[],0,[],0,[],0,['gdp_per_year ($)'],1,['country'],1,['year'],1
"of all countries, how is the gdp distribution",[],0,"['country', 'gdp_for_year ($)']",2,['gdp_per_capita ($)'],1,[],0,[],0,[],0,['gdp_per_capita ($)'],1,[],0,[],0
has there been an increase or decrease in the gdp of china over the last 10 years,"['country', 'year']",2,['gdp_for_year ($)'],1,['gdp_per_year ($)'],1,[],0,[],0,[],0,['gdp_per_year ($)'],1,[],0,['year'],1
how much is the average of profit of each state,"['profit', 'state']",2,[],0,[],0,[],0,[],0,['profit'],1,['state'],1,[],0,[],0
how do the company earn in each state,"['profit', 'state']",2,[],0,[],0,['profit'],1,[],0,[],0,['state'],1,[],0,[],0
what were the total sales for each date in each category,"['sales', 'category', 'order date']",3,[],0,[],0,[],0,[],0,"['sales', 'category']",2,['order date'],1,[],0,[],0
how much was sold each day for each category,"['sales', 'category', 'order date']",3,['days to ship'],1,[],0,[],0,[],0,"['sales', 'category']",2,['order date'],1,[],0,[],0
what is the average profit for each state,"['profit', 'state']",2,[],0,[],0,[],0,[],0,['profit'],1,['state'],1,[],0,[],0
what is the relationship between profit and sales,"['profit', 'sales']",2,[],0,[],0,[],0,[],0,['profit'],1,[],0,[],0,[],0
what is the average profit of each ship mode divided by segment,"['profit', 'ship mode', 'segment']",3,[],0,[],0,[],0,[],0,['profit'],1,[],0,[],0,[],0
what is the sales forecast for each date,['sales forecast'],1,['order date'],1,['order_date'],1,[],0,[],0,[],0,"['sales forecast', 'order_date']",2,[],0,[],0
how many orders were placed for each order quantity,['quantity'],1,['order id'],1,[],0,[],0,[],0,[],0,['quantity'],1,[],0,[],0
what is the relationship between sales and profit for each region,"['sales', 'profit', 'region']",3,[],0,[],0,[],0,[],0,"['sales', 'profit']",2,['region'],1,[],0,[],0
how many orders were placed for each sub-category,['sub-category'],1,['order id'],1,[],0,[],0,[],0,['sub-category'],1,[],0,[],0,[],0
"what is the total profit for each region, based on ship status","['region', 'profit', 'ship status']",3,[],0,[],0,[],0,[],0,"['profit', 'ship status']",2,[],0,[],0,[],0
what is the sales trend of the different product categories,"['sales', 'category']",2,['product name'],1,['order date'],1,[],0,['order date'],1,['sales'],1,['category'],1,[],0,[],0
how many products have 3 or more quantity ordered,['quantity'],1,[],0,['category'],1,[],0,[],0,['quantity'],1,['category'],1,[],0,[],0
how many products are ordered in single quantity,['quantity'],1,[],0,['category'],1,[],0,['category'],1,[],0,['quantity'],1,[],0,[],0
density of sales across regions and their profitability,"['sales', 'region', 'profit']",3,[],0,[],0,[],0,[],0,"['sales', 'region', 'profit']",3,[],0,[],0,[],0
what are the profits across different states,"['profit', 'state']",2,[],0,[],0,[],0,[],0,"['profit', 'state']",2,[],0,[],0,[],0
what product category has more orders placed,"['category', 'quantity']",2,[],0,[],0,['quantity'],1,[],0,['category'],1,[],0,[],0,[],0
sales forecast between jan 2016 and july 2017,"['sales forecast', 'order date']",2,[],0,[],0,[],0,[],0,['sales forecast'],1,[],0,[],0,['order date'],1
i want to know how many orders there are by the quantity of the order,['quantity'],1,['order id'],1,[],0,[],0,[],0,[],0,['quantity'],1,[],0,[],0
what is our profit based on shipping mode by customer segment,"['profit', 'ship mode', 'segment']",3,[],0,[],0,[],0,[],0,[],0,"['profit', 'segment', 'ship mode']",3,[],0,[],0
what is the sales vs profit ratio of the four regions,"['sales', 'profit', 'region']",3,[],0,[],0,[],0,[],0,"['sales', 'profit', 'region']",3,[],0,[],0,[],0
what is the average profit of each state,"['profit', 'state']",2,[],0,[],0,[],0,[],0,['profit'],1,['state'],1,[],0,[],0
what is the sales vs profit ratio of all the zones,"['sales', 'profit', 'region']",3,[],0,[],0,[],0,[],0,"['sales', 'profit']",2,[],0,[],0,[],0
what is the average profit of different segments on the ship modes of transport,"['segment', 'ship mode', 'profit']",3,[],0,[],0,[],0,[],0,[],0,"['profit', 'segment', 'ship mode']",3,[],0,[],0
how much is the profit for sales for each,"['sales', 'profit']",2,[],0,[],0,[],0,[],0,"['sales', 'profit']",2,[],0,[],0,[],0
what is the correlation between sales and profit by region,"['sales', 'profit', 'region']",3,[],0,[],0,[],0,[],0,[],0,"['profit', 'region', 'sales']",3,[],0,[],0
can you create a graph showing sales and profit by region,"['sales', 'region', 'profit']",3,[],0,[],0,[],0,[],0,"['sales', 'region', 'profit']",3,[],0,[],0,[],0
"from all of the universities in london, list the one who has the most faculties",['location'],1,['name'],1,['num'],1,['location'],1,['num'],1,[],0,[],0,[],0,[],0
show me a university that has more than 30 faculties and more than 50 teachers,['num'],1,['name'],1,[],0,[],0,['num'],1,[],0,[],0,['num'],1,[],0
universities with similar number of teachers,['num'],1,[],0,[],0,[],0,[],0,[],0,['num'],1,[],0,[],0
"from all of the universities in london, list the one who has the most faculties",['location'],1,['name'],1,['num'],1,['location'],1,['num'],1,[],0,[],0,[],0,[],0
the universities cover which locations,['location'],1,[],0,[],0,[],0,[],0,['location'],1,[],0,[],0,[],0
what is the teacher distribution of new york universities,"['location', 'num']",2,"['name', 'tuition']",2,[],0,[],0,['num'],1,[],0,[],0,[],0,[],0
would teachers in harvard be considered outliers if the university was in new york,['name'],1,"['location', 'tuition']",2,['locaition'],1,[],0,[],0,[],0,[],0,['location'],1,"['name', 'locaition']",2
which movie is the highest-grossing,"['movie', 'revenue ($)']",2,[],0,[],0,[],0,['revenue ($)'],1,[],0,['movie'],1,[],0,[],0
do you feel that midfield players have a lower market value than front court players,"['position', 'market_value']",2,[],0,[],0,[],0,[],0,['market_value'],1,[],0,[],0,['position'],1
in the premier league how are the transferred players ages distributed,['age'],1,"['team_to', 'league_to']",2,['league_from'],1,[],0,[],0,['age'],1,[],0,['league_to'],1,['league_from'],1
tell me a reason why top backcourt players have a higher market value than the top frontcourt player,"['market_value', 'position']",2,[],0,[],0,[],0,[],0,['market_value'],1,[],0,[],0,['position'],1
which player had an abnormal transfer_fee,['transfer_fee'],1,[],0,[],0,[],0,[],0,['transfer_fee'],1,[],0,[],0,[],0
how old was david when he was transferred in 2010,"['name', 'age', 'season']",3,[],0,[],0,['age'],1,[],0,[],0,[],0,[],0,[],0
"what player had a market value of 50,000,000 and was transferred for 58,500,000 in the 2010鈥毭劽011","['name', 'market_value', 'transfer_fee']",3,['season'],1,[],0,['name'],1,[],0,[],0,['market_value'],1,"['market_value', 'transfer_fee', 'season']",3,[],0
"for the center forward position, what was the highest market value for the 2011-2012 season","['season', 'position']",2,['market_value'],1,[],0,[],0,[],0,"['season', 'position']",2,[],0,[],0,[],0
tell me the numbers of the transferred players in different leagues in the 2010-2011 season,,,,,,,,,,,,,,,,,,
"what player had a market value of 50,000,000 and was transferred for 58,500,000 in the 2010‚äì2011","['name', 'market_value', 'transfer_fee']",3,['season'],1,[],0,['name'],1,[],0,[],0,['market_value'],1,"['market_value', 'transfer_fee', 'season']",3,[],0
could you buy a player with his market value higher than a transfer fee,"['market_value', 'transfer_fee']",2,[],0,[],0,[],0,[],0,"['market_value', 'transfer_fee']",2,[],0,[],0,[],0
what is the average transfer_fee for players who transferred to the premier league,"['transfer_fee', 'league_to']",2,[],0,[],0,['league_to'],1,[],0,['transfer_fee'],1,[],0,[],0,[],0
list center-backs by what their transfer_fee was,"['position', 'transfer_fee']",2,[],0,[],0,[],0,[],0,['transfer_fee'],1,[],0,[],0,['position'],1
which player was the oldest that was transferred,"['name', 'age']",2,[],0,[],0,['name'],1,[],0,[],0,[],0,[],0,[],0
what is the distribution of the leagues who paid for transferred players in 2010,['league_to'],1,[],0,['season'],1,['league_to'],1,[],0,[],0,[],0,[],0,['season'],1
are you aware of any clustering of the seasons in which players were transferred to the premier league,['season'],1,[],0,['league_to'],1,[],0,[],0,[],0,"['season', 'league_to']",2,[],0,[],0
"if you were to average it out, how upbeat would you say the songs are",[],0,['energy'],1,['beats.per.minute'],1,[],0,['beats.per.minute'],1,[],0,[],0,[],0,[],0
describe the popularity of the loudest song,"['popularity', 'loudness..db..']",2,[],0,[],0,[],0,[],0,"['popularity', 'loudness..db..']",2,[],0,[],0,[],0
can you help me find some popular songs,['popularity'],1,[],0,[],0,[],0,[],0,['popularity'],1,[],0,[],0,[],0
"in terms of length, how long is ' beautiful people '",['track.name'],1,['length'],1,['length.'],1,[],0,[],0,[],0,['length.'],1,[],0,[],0
tell me which genres were mentioned,['genre'],1,[],0,[],0,[],0,[],0,[],0,['genre'],1,[],0,[],0
what songs of the pop genrea has sam smith released,"['artist.name', 'genre']",2,['track.name'],1,[],0,[],0,[],0,['genre'],1,[],0,[],0,['artist.name'],1
are there singers who span multiple genres,"['artist.name', 'genre']",2,[],0,[],0,['artist.name'],1,[],0,['genre'],1,[],0,[],0,[],0
determine in what year the income of undergraduate students was higher,"['year', 'undergraduate income']",2,['postgraduate income'],1,[],0,[],0,[],0,['undergraduate income'],1,['year'],1,[],0,[],0
how are postgraduate student numbers distributed every year,"['postgraduate', 'year']",2,[],0,[],0,[],0,[],0,[],0,"['postgraduate', 'year']",2,[],0,[],0
could you tell me if there is any correlation between the number of undergraduate and postgraduate students,"['undergraduate', 'postgraduate']",2,[],0,[],0,[],0,[],0,"['undergraduate', 'postgraduate']",2,[],0,[],0,[],0
state the average income of postgraduate students in each country,['country'],1,['postgraduate income'],1,['undergraduate income'],1,[],0,[],0,[],0,"['country', 'undergraduate income']",2,[],0,[],0
what is the number of postgraduate students for each year,"['postgraduate', 'year']",2,[],0,[],0,[],0,[],0,['postgraduate'],1,['year'],1,[],0,[],0
"in each year, what is the distribution of the number of postgraduates","['year', 'postgraduate']",2,[],0,[],0,[],0,[],0,[],0,"['postgraduate', 'year']",2,[],0,[],0
the chart teaches them the horsepower range,['horsepower'],1,[],0,[],0,[],0,[],0,['horsepower'],1,[],0,[],0,[],0
name me a country that's happiness score does not coincide with the region it belongs to,"['happiness score', 'region', 'country']",3,[],0,[],0,[],0,[],0,"['happiness score', 'region', 'country']",3,[],0,[],0,[],0
tell me the country with the lowest trust score,['country'],1,['trust (government corruption)'],1,['trust'],1,[],0,['trust'],1,[],0,['country'],1,[],0,[],0
is there a correlation between happiness scores and other attributes,"['happiness score', 'economy (gdp per capita)', 'family', 'health (life expectancy)', 'freedom', 'trust (government corruption)', 'generosity']",7,[],0,['happiness rank'],1,"['economy (gdp per capita)', 'family', 'health (life expectancy)', 'freedom', 'trust (government corruption)']",5,['happiness rank'],1,['happiness score'],1,[],0,[],0,[],0
"what countries, other than finland, have higher happiness scores and lower gdp",['economy (gdp per capita)'],1,"['country', 'happiness score']",2,['happiness  score'],1,[],0,[],0,['economy (gdp per capita)'],1,['happiness  score'],1,[],0,[],0
can you tell me the area in the previous decade that increased rapidly in the happiness score,['happiness score'],1,['year'],1,['region'],1,[],0,['region'],1,['happiness score'],1,[],0,[],0,[],0
"can you tell me, in terms of economy, what is the range across all countries",,,,,,,,,,,,,,,,,,
show me any clustering there may be in the gdp that has a happiness score of larger than 5,"['happiness score', 'economy (gdp per capita)']",2,[],0,[],0,[],0,[],0,[],0,"['economy (gdp per capita)', 'happiness score']",2,[],0,[],0
within the last year have any countries experienced a sudden decrease in happiness score,['happiness score'],1,['year'],1,['country'],1,[],0,[],0,[],0,[],0,[],0,[],0
can you tell me the range of happiness score in western europe,"['happiness score', 'region']",2,[],0,[],0,[],0,[],0,['happiness score'],1,[],0,[],0,['region'],1
"out of all the countries, which ones have a happiness score higher then finland","['happiness score', 'country']",2,[],0,[],0,[],0,[],0,['happiness score'],1,[],0,[],0,['country'],1
can you tell me in what range will the number of countries in each region fall,"['country', 'region']",2,[],0,[],0,[],0,[],0,[],0,"['country', 'region']",2,[],0,[],0
please identify the parameters of the happiness score in western europe,"['region', 'happiness score']",2,"['country', 'happiness rank', 'economy (gdp per capita)', 'family', 'health (life expectancy)', 'freedom', 'trust (government corruption)', 'generosity', 'dystopia residual']",9,[],0,[],0,[],0,[],0,['happiness score'],1,[],0,['region'],1
show all the countries with happiness scores higher than 5,['happiness score'],1,[],0,['country'],1,[],0,[],0,[],0,['country'],1,[],0,['happiness score'],1
name the continent that contains the greatest number of countries that are top 10 on the happiness index,"['region', 'happiness rank']",2,['country'],1,[],0,['region'],1,['happiness rank'],1,[],0,[],0,[],0,[],0
do any countries have happiness scores that don 't match with their gdp,['happiness score'],1,['economy (gdp per capita)'],1,"['country', 'economy']",2,[],0,[],0,['happiness score'],1,['country'],1,[],0,[],0
"of all the countries trust score, which country has the lowest",,,,,,,,,,,,,,,,,,
name the country that scores the least on trust,"['trust (government corruption)', 'country']",2,[],0,[],0,[],0,[],0,['trust (government corruption)'],1,['country'],1,[],0,[],0
what is the range across all the countries in terms of economy,['economy (gdp per capita)'],1,[],0,['country'],1,[],0,[],0,['economy (gdp per capita)'],1,['country'],1,[],0,[],0
"organize the countries based on happiness score, with the score limit on each group being 10",['happiness score'],1,[],0,['country'],1,[],0,[],0,['happiness score'],1,['country'],1,[],0,[],0
show me the distribution of the health score as it is presented in different regions,"['health (life expectancy)', 'region']",2,[],0,[],0,[],0,[],0,['health (life expectancy)'],1,['region'],1,[],0,[],0
tell me the average gdp of countries in western europe,"['economy (gdp per capita)', 'region']",2,[],0,[],0,[],0,[],0,[],0,[],0,[],0,['region'],1
organize the countries by their region,"['country', 'region']",2,[],0,[],0,[],0,[],0,['region'],1,['country'],1,[],0,[],0
"for all the regions, can you show me the pattern of the happiness score","['happiness score', 'region']",2,[],0,[],0,[],0,[],0,['happiness score'],1,['region'],1,[],0,[],0
what are all the countries that have a happiness score similar to fineland 5 is an acceptable error score,,,,,,,,,,,,,,,,,,
what is the range of economy across all the countries,,,,,,,,,,,,,,,,,,
rank countries high to low by their family score,,,,,,,,,,,,,,,,,,
can we conclude that higher happiness comes from higher freedom,"['happiness score', 'freedom']",2,[],0,[],0,[],0,[],0,"['happiness score', 'freedom']",2,[],0,[],0,[],0
what dimension of the happiness index has the maximum fluctuation,[],0,"['happiness score', 'standard error']",2,[],0,[],0,[],0,[],0,[],0,[],0,[],0
retrieve the country that has had a sudden decrease in happiness score within a year,"['country', 'happiness score']",2,['year'],1,[],0,[],0,[],0,['happiness score'],1,[],0,[],0,[],0
"across all regions, what is the happiness score pattern","['happiness score', 'region']",2,[],0,[],0,[],0,[],0,[],0,['happiness score'],1,[],0,[],0
the health score is highest in which country,"['health (life expectancy)', 'country']",2,[],0,[],0,[],0,[],0,[],0,['country'],1,[],0,[],0
the highest health score is held by which country,"['health (life expectancy)', 'country']",2,[],0,[],0,[],0,[],0,[],0,['country'],1,[],0,[],0
please help me identify the least common age,['age'],1,[],0,[],0,[],0,[],0,[],0,['age'],1,[],0,[],0
"how does mpg compare to displacement, for each region","['mpg', 'cubicinches', 'country']",3,[],0,[],0,[],0,"['cubicinches', 'country']",2,['mpg'],1,[],0,[],0,[],0