gpt_query,gpt_positive matches,gpt_llm only matches,gpt_gt only matches,gpt_correct task inferences,gpt_missed task inferences,gpt_positive matches count,gpt_llm only matches count,gpt_gt only matches count,gpt_correct task inferences count,gpt_missed task inferences count
"in terms of the readings, group the similar timestamps for the sants",[],{'cluster'},"['similarity', ' filter']",[],[],0,2,2,0,0
"for o3, what is the distribution value",['characterize distribution'],set(),[],[],[],1,0,0,0,0
"in the whole table, show me the best record of pm10",['retrieve value'],{'find extremum'},['retrieve value'],['retrieve value'],['retrieve value'],1,1,1,1,1
"based on their pollution, group the locations together that are similar",['cluster'],{'similarity'},['cluster'],[],[],1,1,1,0,0
please look at the o3 data and find the minimum number,['find extremum'],{'retrieve value'},['find extremum'],[],[],1,1,1,0,0
in what manner are good air quality records dispersed throughout the monitored region,[],{'characterize distribution'},"['distribution', ' filter']",[],[],0,2,2,0,0
are there any outliers in pm10 readings from a temporal perspective,['find anomalies'],set(),[],[],[],1,0,0,0,0
work out the quality of o3,[],{'characterize distribution'},['retrieve value'],[],[],0,1,1,0,0
put the readings in order according to their pm 10 values,['sort'],set(),[],[],[],1,0,0,0,0
is distribution for pm10 value anything other than normal,['characterize distribution'],{'find anomalies'},['characterize distribution'],[],[],1,1,1,0,0
show me a day with extremely bad air quality,[],{'find anomalies'},['filter'],[],[],0,1,1,0,0
what days had really bad air quality,['filter'],{'find anomalies'},['filter'],['filter'],['filter'],1,1,1,1,1
give me the count of missing readings in this table,[],{'compute derived value'},['retrieve value'],[],[],0,1,1,0,0
"show me the data attribute that has the most na values, for example the hardest data points to collect",[],{'find extremum'},['filter'],[],[],0,1,1,0,0
describe the change in air quality over one day describe the change in each air pollutant,"['trend', 'trend']",set(),[],"['trend', 'trend']",['trend'],2,0,0,2,1
could you search all available values for pm10 quality,['retrieve value'],set(),[],['retrieve value'],['retrieve value'],1,0,0,1,1
are the o3 value and the pm10 value dependent on each other,[],{'dependency'},['Dependency'],[],[],0,1,1,0,0
"across the monitored region, what is the distribution of records for good air quality",[],{'characterize distribution'},"['distribution', ' summarize', ' filter']",[],[],0,3,3,0,0
what months are hurricanes most common,[],{'characterize distribution'},['find extremum'],[],[],0,1,1,0,0
where are storms most common depending on the time of year,[],{'characterize distribution'},['compare'],[],[],0,1,1,0,0
are there more storms in recent years,[],"{'trend', 'compare'}","['characterize distribution', 'characterize distribution']",[],[],0,2,2,0,0
what does the distribution of the storms look like,['characterize distribution'],set(),[],[],[],1,0,0,0,0
what is the most frequent status over the year,['find extremum'],{'characterize distribution'},['find extremum'],['find extremum'],['find extremum'],1,1,1,1,1
"what is the main factor depending on different status (wind, time, pressure, or etc)",[],{'correlate'},['dependency'],[],[],0,1,1,0,0
what was the name of the earliest storm,['retrieve value'],{'find extremum'},['retrieve value'],['retrieve value'],['retrieve value'],1,1,1,1,1
how many hurricanes,[],{'retrieve value'},"['compute derived value', ' filter']",[],[],0,2,2,0,0
what is the name of the largest storm,['find extremum'],{'retrieve value'},['find extremum'],['find extremum'],['find extremum'],1,1,1,1,1
what storm produced the greatest air pressure,['find extremum'],set(),[],['find extremum'],['find extremum'],1,0,0,1,1
how many storms are named caroline,['retrieve value'],set(),[],['retrieve value'],['retrieve value'],1,0,0,1,1
what storm produced the least air pressure,['find extremum'],set(),[],['find extremum'],['find extremum'],1,0,0,1,1
what storm had the greatest diameter of tropical storm strength winds,['find extremum'],{'retrieve value'},"['find extremum', ' filter']",[],[],1,2,2,0,0
what storm had the greatest diameter of hurricane strength winds,['find extremum'],set(),[],[],[],1,0,0,0,0
"how many storms occur per year, on average",['compute derived value'],set(),[],[],[],1,0,0,0,0
"on average, what is the first date that a tropical cyclone (tropical depression, tropical storm, or hurricane) forms on every year",['compute derived value'],set(),[],['compute derived value'],['compute derived value'],1,0,0,1,1
is there a correlation between wind speed and air pressure,['correlate'],set(),[],[],[],1,0,0,0,0
is there a correlation between the duration of the storm and wind speed,['correlate'],set(),[],[],[],1,0,0,0,0
where have all hurricanes been recorded on the globe where are they more common,"['filter', 'characterize distribution']",set(),['characterize distribution'],['characterize distribution'],['characterize distribution'],2,1,1,1,1
what lat/long locations are most likely to experience hurricanes,[],{'find anomalies'},"['characterize distribution', ' filter']",[],[],0,2,2,0,0
what are lengths/timings of hurricane seasons in different regions of the world,[],"{'retrieve value', 'characterize distribution'}","['compute derived value', ' compare', 'compute derived value', ' compare']",[],[],0,4,4,0,0
what is the average storm length,['compute derived value'],set(),[],['compute derived value'],['compute derived value'],1,0,0,1,1
what is the average time that it takes to go from depression to storm,['compute derived value'],set(),[],[],[],1,0,0,0,0
"what is the relationship, if any, between wind and pressure",['correlate'],set(),[],[],[],1,0,0,0,0
how does wind change over the course of each hurricane,['trend'],set(),[],['trend'],['trend'],1,0,0,1,1
average tropical storm diameter,['compute derived value'],set(),[],['compute derived value'],['compute derived value'],1,0,0,1,1
what is the relationship between storm day and hu_diameter,[],{'correlate'},['dependency'],[],[],0,1,1,0,0
are there any repeat names of storms,[],{'find anomalies'},['summarize'],[],[],0,1,1,0,0
what month has the strongest hurricanes,['find extremum'],set(),[],['find extremum'],['find extremum'],1,0,0,1,1
how has wind speed changed over time,['trend'],set(),[],[],[],1,0,0,0,0
what is the maximum pressure of a certain hurricane,['find extremum'],{'retrieve value'},"['find extremum', ' summarize', ' filter']",['find extremum'],['find extremum'],1,3,3,1,1
relationship between position and the strength of the hurricane,[],{'correlate'},"['dependency', ' filter']",[],[],0,2,2,0,0
average time for each hurricane status,['compute derived value'],set(),[],['compute derived value'],['compute derived value'],1,0,0,1,1
which hurricane lasted the longest,[],{'find extremum'},"['compare', ' filter']",[],[],0,2,2,0,0
can you tell me the sales distribution of type 4046 in 2015,[],{'characterize distribution'},"['distribution', ' filter']",[],[],0,2,2,0,0
what are the groups of regions according to three types of avocados sales ratio,['cluster'],set(),[],['cluster'],['cluster'],1,0,0,1,1
"using the three types of avocado's sales ratio, provide the groups of regions",['cluster'],set(),[],['cluster'],['cluster'],1,0,0,1,1
provide the distribution of the sales in 2015 of type 4046,[],{'characterize distribution'},"['distribution', ' filter']",[],[],0,2,2,0,0
the oldest user was born in what year,['find extremum'],{'retrieve value'},['find extremum'],[],[],1,1,1,0,0
indicate all the travels taking more than 1000 minutes,[],{'filter'},['characterize distribution'],[],[],0,1,1,0,0
"show me a list of the tripe that take longer than 1,000 minutes",[],{'filter'},['retrieve value'],[],[],0,1,1,0,0
tell me the distribution of travel times between wells st & elm st and lake shore dr & ohio st,['characterize distribution'],set(),[],[],[],1,0,0,0,0
show me the relationship between age and travel time,['correlate'],set(),[],[],[],1,0,0,0,0
do you know of any trip that would take longer than 1000 minutes,[],{'filter'},['characterize distribution'],[],[],0,1,1,0,0
show me a list of neighborhoods with the number of male births from least to most,['sort'],set(),['retrieve value'],[],[],1,1,1,0,0
show me the distribution of births across all districts in 2017,[],{'characterize distribution'},"['distribution', ' filter']",[],[],0,2,2,0,0
let me know if there are groups of neighborhoods with similar birth gender ratios,[],"{'cluster', 'similarity'}","['compares', ' culstering', 'compares', ' culstering']",[],[],0,4,4,0,0
retrieve the neighborhood with more than 100 female births in ciutat vella in 2013,"['filter', 'retrieve value']",set(),['retrieve value'],['retrieve value'],['retrieve value'],2,1,1,1,1
which neighborhood in ciutat vella has more than 100 females born in the year 2013,['filter'],set(),['retrieve value'],[],[],1,1,1,0,0
"barcelona's districts, please list each",['retrieve value'],set(),[],['retrieve value'],['retrieve value'],1,0,0,1,1
what is the distribution of all births in all districts between 2013 and 2017,[],{'characterize distribution'},"['distribution', ' filter']",[],[],0,2,2,0,0
what neighborhood had 56 boys born in 2017,['retrieve value'],set(),[],['retrieve value'],['retrieve value'],1,0,0,1,1
is there a correlation between acceleration and horsepower,['correlate'],set(),[],[],[],1,0,0,0,0
how many heavy cars are in the dataset,[],"{'retrieve value', 'filter'}","['compute derived value', 'compute derived value']",[],[],0,2,2,0,0
are there any american 5 cylinder cars,['filter'],set(),[],['filter'],['filter'],1,0,0,1,1
how does displacement relate to fuel economy for cars from europe v usa,['filter'],{'correlate'},"['dependency', ' filter', 'dependency']",[],[],1,3,3,0,0
which cylinder cars have the highest fuel economy,[],{'find extremum'},['dependency'],[],[],0,1,1,0,0
which countries have the most cars in this dataset,['find extremum'],set(),['compare'],[],[],1,1,1,0,0
which countries have the highest acceleration for cars of different cylinders,[],"{'filter', 'find extremum'}","['compare', 'compare']",[],[],0,2,2,0,0
how do the horsepowers of the cars from different regions change with years,['trend'],{'correlate'},['trend'],[],[],1,1,1,0,0
the distribution of the number of cylinders of cars based on different origins,[],{'characterize distribution'},"['distribution', ' compare']",[],[],0,2,2,0,0
what is the correlation between displacement and mpg of cars with different origins,['correlate'],set(),[],[],[],1,0,0,0,0
count the number of cars based on their origins,[],{'compute derived value'},['compare'],[],[],0,1,1,0,0
what is the correlation between horsepower and acceleration,['correlate'],set(),[],[],[],1,0,0,0,0
is there a correlation between cars' horsepower and acceleration,['correlate'],set(),[],[],[],1,0,0,0,0
"how does displacement relate to mpg for individual models, partitioned by country",[],{'correlate'},['dependency'],[],[],0,1,1,0,0
"how does weight relate to acceleration for car models, small multiples by origin",[],"{'correlate', 'cluster'}","['dependency', 'dependency']",[],[],0,2,2,0,0
how does horsepower relate to acceleration for individual car models,['correlate'],set(),[],[],[],1,0,0,0,0
"compare the number of models in usa, japan and europe",['compare'],set(),[],[],[],1,0,0,0,0
does higher horsepower mean lower acceleration,['correlate'],set(),[],['correlate'],['correlate'],1,0,0,1,1
how many cylinders do cars manufactured in different countries have,[],"{'retrieve value', 'characterize distribution'}","['compare', 'compare']",[],[],0,2,2,0,0
compare car cylinder count against acceleration across countries,['compare'],{'correlate'},['compare'],[],[],1,1,1,0,0
how many cars do each country manufacture,[],{'retrieve value'},['characterize distribution'],[],[],0,1,1,0,0
what's the mileage for cars based on the number of cylinders present,[],"{'correlate', 'retrieve value'}","['characterize distribution', 'characterize distribution']",[],[],0,2,2,0,0
does higher cylinder count mean mean lower mileage,['correlate'],set(),[],['correlate'],['correlate'],1,0,0,1,1
how does mileage relate to cylinder count,[],{'correlate'},['dependency'],[],[],0,1,1,0,0
what is the average mpg for different cylinders,[],{'compute derived value'},['characterize distribution'],[],[],0,1,1,0,0
what is the relation between horsepower and acceleration,['correlate'],set(),[],[],[],1,0,0,0,0
how weight varies each year,[],{'trend'},['characterize distribution'],[],[],0,1,1,0,0
how is acceleration related to horsepower,['correlate'],set(),[],[],[],1,0,0,0,0
how has horsepower changed over time by country,['trend'],set(),[],[],[],1,0,0,0,0
have cars gotten lighter over time,['trend'],set(),[],['trend'],['trend'],1,0,0,1,1
how many models are proudced by each country,[],{'compute derived value'},['Characterize Distribution'],[],[],0,1,1,0,0
what is the average weight of cars over time,['trend'],{'compute derived value'},['trend'],[],[],1,1,1,0,0
what is the distribution of weight across all cars,[],{'characterize distribution'},['Characterize Distribution'],[],[],0,1,1,0,0
how much do various cars weigh,[],{'retrieve value'},['Characterize Distribution'],[],[],0,1,1,0,0
what is the range of weights for all cars,[],{'determine range'},['Determine Range'],[],[],0,1,1,0,0
where do the cars originate from,[],{'retrieve value'},['Characterize Distribution'],[],[],0,1,1,0,0
how has avg (horsepower) evolved over time | segregate it by the car origin,['trend'],{'filter'},"['trend', ' compare']",[],[],1,2,2,0,0
compare avg (acceleration) with cylinders | segregate the cylinders by their origin,['compare'],{'filter'},['compare'],[],[],1,1,1,0,0
how does avg (weight) evolve over the years,['trend'],set(),[],[],[],1,0,0,0,0
how does the acceleration of cars from different countries vary by the number of cylinders,[],"{'correlate', 'characterize distribution'}","['compare', 'compare']",[],[],0,2,2,0,0
how does acceleration vary by weight for cars from different regions,[],"{'correlate', 'characterize distribution'}","['dependency', 'dependency']",[],[],0,2,2,0,0
what is the average mpg for cars with different cylinders,[],{'compute derived value'},['dependency'],[],[],0,1,1,0,0
how does mpg vary by the number of cylinders in a car,[],{'correlate'},['Characterize Distribution'],[],[],0,1,1,0,0
how does acceleration change with horsepower,['correlate'],set(),[],['correlate'],['correlate'],1,0,0,1,1
how does acceleration behave compared to horsepower,['correlate'],{'compare'},['correlate'],['correlate'],['correlate'],1,1,1,1,1
how many cars are from each region,[],{'summarize'},['characterize distribution'],[],[],0,1,1,0,0
"how does mpg compare to displacement, broken out by region",['compare'],{'correlate'},['compare'],[],[],1,1,1,0,0
"for each region, how does a car's mpg vary with displacement",[],{'correlate'},['compare'],[],[],0,1,1,0,0
how has horsepower changed over time in each region,['trend'],set(),[],[],[],1,0,0,0,0
what is the breakdown of cars by the number of cylinders in each region,['characterize distribution'],set(),[],['characterize distribution'],['characterize distribution'],1,0,0,1,1
how many cars have various numbers of cylinders in each region,[],{'characterize distribution'},['compute derived value'],[],[],0,1,1,0,0
what is the average weight of cars by model year,[],{'compute derived value'},['characterize distribution'],[],[],0,1,1,0,0
how has the average weight of cars changed over the years,['trend'],{'compute derived value'},['trend'],[],[],1,1,1,0,0
how can the population of ashley be illustrated to show distribution across five years,[],{'characterize distribution'},"['distribution', ' filter']",[],[],0,2,2,0,0
"how likely is it that, if i was born in 2000, i was born in a county with no less than 20,000 people",['filter'],{'compute derived value'},"['dependency', 'dependency', ' filter']",[],[],1,3,3,0,0
give me the average population rating for ashley in the year 2000,[],{'compute derived value'},['summarize'],[],[],0,1,1,0,0
identify the county that has the least population each year,['find extremum'],set(),[],['find extremum'],['find extremum'],1,0,0,1,1
what is the average population in 2000,[],{'compute derived value'},['summarize'],[],[],0,1,1,0,0
is there a regional concentration trend in gdp development,[],{'trend'},['Trend'],[],[],0,1,1,0,0
how are gdp and mteu correlated,['correlate'],set(),[],[],[],1,0,0,0,0
is there an outlier within the value distribution of albinism that causes the result to be skewed,[],"{'find anomalies', 'characterize distribution'}","['Find Anomalies', 'Find Anomalies']",[],[],0,2,2,0,0
"find all the types of genetic diseases with greater than 1,000 patients",[],{'filter'},['retrieve value'],[],[],0,1,1,0,0
tell me the maximum and minimum number of patients with autism across all regions,[],{'find extremum'},[' Find Extremum'],[],[],0,1,1,0,0
what is the spatial and temporal correlation of albinism,['correlate'],set(),[],[],[],1,0,0,0,0
does this data represent outliers in the number of patients,['find anomalies'],set(),[],[],[],1,0,0,0,0
take out the regions with a number of patients larger than 500,['filter'],set(),['compute derived value'],[],[],1,1,1,0,0
"looking at the number of people in all regions with a visual impairment, what is the median",[],"{'compute derived value', 'retrieve value'}","['characterize distribution', 'characterize distribution']",[],[],0,2,2,0,0
does the value distribution of albinism look skewed,['characterize distribution'],{'find anomalies'},['characterize distribution'],['characterize distribution'],['characterize distribution'],1,1,1,1,1
is there an obvious clustering,['cluster'],set(),[],[],[],1,0,0,0,0
kindly rate the regions on the basis of the number of patients,['sort'],set(),[],['sort'],['sort'],1,0,0,1,1
give me the movie that received the most nominations,['find extremum'],{'retrieve value'},['find extremum'],[],[],1,1,1,0,0
"out of the winners for best performance by an actor in a motion picture- musical or comedy from 2003 to 2020, the most abnormal age belongs to which actor",[],{'find anomalies'},[''],[],[],0,1,1,0,0
can you organize the results of the table by sorting the list according to the age of the stars,['sort'],set(),[],[],[],1,0,0,0,0
can you list all the results in the table about the movie ' about  ',[],{'retrieve value'},['filter'],[],[],0,1,1,0,0
what was the gender of all actors among all the final winners in the 60th ceremony,[],{'retrieve value'},"['characterize distribution', ' filter']",[],[],0,2,2,0,0
tell me who won the best performance by an actor in a motion picture- drama award at the 60th ceremony,['retrieve value'],set(),[],['retrieve value'],['retrieve value'],1,0,0,1,1
can you list all the results in the table about the movie ' about schmidt ',[],{'retrieve value'},['filter'],[],[],0,1,1,0,0
i would like to review the dispersement of the amount of nominations,['characterize distribution'],set(),[],['characterize distribution'],['characterize distribution'],1,0,0,1,1
"in the 60th ceremony, the award for best performance by an actor in a motion picture was won by whom",['retrieve value'],set(),[],['retrieve value'],['retrieve value'],1,0,0,1,1
which actor was nominated for the most awards,[],{'find extremum'},['retrieve value'],[],[],0,1,1,0,0
can the actors nationality impact the outcome,[],{'correlate'},['dependency'],[],[],0,1,1,0,0
what was the number of candidates that were nominated for best performance by an actor in a motion picture-drama at he 60th ceremony,['retrieve value'],set(),[],['retrieve value'],['retrieve value'],1,0,0,1,1
what is the total number of movies released in the year 1998,[],{'retrieve value'},"['summarize', ' filter']",[],[],0,2,2,0,0
can you tell me what movie won best original score in a motion picture in 1997,['retrieve value'],set(),[],['retrieve value'],['retrieve value'],1,0,0,1,1
what is the correlation between the nomination and the age of a star,['correlate'],set(),[],[],[],1,0,0,0,0
tell me the distribution for the book ratings,['characterize distribution'],set(),[],[],[],1,0,0,0,0
can you rearrange the table by book rating in descending order,['sort'],set(),[],[],[],1,0,0,0,0
what books have low ratings that seem suspect,['filter'],{'find anomalies'},['filter'],['filter'],['filter'],1,1,1,1,1
tell me the book ratings distribution,['characterize distribution'],set(),[],[],[],1,0,0,0,0
which author has worked with dark horse comics most frequently,['find extremum'],set(),[],['find extremum'],['find extremum'],1,0,0,1,1
please go and get all of the books written in english,['filter'],set(),[],['filter'],['filter'],1,0,0,1,1
are there outliers in the book ratings,[],{'find anomalies'},['Find Anomalies'],[],[],0,1,1,0,0
"of fiction books, which are written in english",['filter'],set(),['retrieve value'],[],[],1,1,1,0,0
how many books have been released by dark horse comics,[],{'retrieve value'},['filter'],[],[],0,1,1,0,0
what is the most expensive book and who published it,['find extremum'],{'retrieve value'},['find extremum'],[],[],1,1,1,0,0
show a list of similarly rated books,['similarity'],set(),[],[],[],1,0,0,0,0
produce a list of book titles published during the current year,['retrieve value'],{'filter'},['retrieve value'],['retrieve value'],['retrieve value'],1,1,1,1,1
dark horse comic has how many books,['retrieve value'],set(),[],['retrieve value'],['retrieve value'],1,0,0,1,1
what is the total number of categories,[],{'compute derived value'},['summarize'],[],[],0,1,1,0,0
can you tell me the total number of categories,[],{'compute derived value'},['summarize'],[],[],0,1,1,0,0
what's the size of ' kids paint free- drawing fun ',['retrieve value'],set(),[],['retrieve value'],['retrieve value'],1,0,0,1,1
does a app exist that is much different than the others,[],{'find anomalies'},['Find Anomalies'],['find anomalies'],['find anomalies'],0,1,1,1,1
what is the total amount of genres,[],{'compute derived value'},['summarize'],[],[],0,1,1,0,0
what is the title of the biggest app,['find extremum'],{'retrieve value'},['find extremum'],[],[],1,1,1,0,0
what apps have a perfect rating and a lot of reviews,['filter'],{'find extremum'},['filter'],['filter'],['filter'],1,1,1,1,1
see if you can locate the most recent gaming app,['find extremum'],set(),[],[],[],1,0,0,0,0
tell me free or paid apps have a higher mean rating,[],"{'compute derived value', 'compare'}","['filter', 'filter']",[],[],0,2,2,0,0
which genres are included in the dataset,[],{'retrieve value'},['summarize'],[],[],0,1,1,0,0
which apps have support for versions of android lower than 40,['filter'],set(),['retrieve value'],[],[],1,1,1,0,0
describe shape of the distribution for the number of installations,['characterize distribution'],set(),[],[],[],1,0,0,0,0
show me the app that costs the most,['find extremum'],set(),[],[],[],1,0,0,0,0
is there a relationship between the android version of an app and its installations,[],{'correlate'},['dependency'],[],[],0,1,1,0,0
show me the most recent version of androids ' discover color ',[],{'retrieve value'},['find extremum'],[],[],0,1,1,0,0
"when taking different android versions into account, does that have any impact on installation",[],{'correlate'},['dependency'],[],[],0,1,1,0,0
give me a list of all the free business apps that have received rating that were higher than a 45,"['filter', 'retrieve value']",set(),['retrieve value'],['retrieve value'],['retrieve value'],2,1,1,1,1
can you tell me the attribute 'rating ' be affected 'installation,[],{'correlate'},['characterize distribution'],[],[],0,1,1,0,0
what's the price distribution in beauty apps,['characterize distribution'],set(),[],[],[],1,0,0,0,0
"which app has a rating that doesn 't follow a trend between installations, rating and number of reviews",['find anomalies'],{'correlate'},['find anomalies'],['find anomalies'],['find anomalies'],1,1,1,1,1
what is the app with the most abnormal pattern,['find anomalies'],set(),[],[],[],1,0,0,0,0
are there an unusually high number of reviews for any of the apps,['find anomalies'],set(),[],['find anomalies'],['find anomalies'],1,0,0,1,1
what is the distribution of the number based on shape of installations,['characterize distribution'],set(),[],[],[],1,0,0,0,0
is there an effect on price caused by the app's genre,[],{'correlate'},['dependency'],[],[],0,1,1,0,0
is there a correlation between apps with more installations and higher ratings,['correlate'],set(),[],[],[],1,0,0,0,0
"tell me the most pricey apps by release date, recent to oldest",['sort'],{'find extremum'},['sort'],[],[],1,1,1,0,0
find out any app that is distinctive from the rest,['find anomalies'],set(),[],['find anomalies'],['find anomalies'],1,0,0,1,1
list the top 10 gaming apps sorted from highest to lowest installations,['sort'],{'retrieve value'},"['sort', ' filter']",[],[],1,2,2,0,0
can you tell me the price distribution of all the beauty apps,['characterize distribution'],set(),[],['characterize distribution'],['characterize distribution'],1,0,0,1,1
name any apps that can support any version of android lower than 40,['filter'],set(),['retrieve value'],[],[],1,1,1,0,0
what differences are there among the students who acquired more than 270 points between 2010-2019,['filter'],{'characterize distribution'},"['compare', 'compare', ' filter']",[],[],1,3,3,0,0
tell me all of the categories of grade types,[],{'retrieve value'},['summarize'],[],[],0,1,1,0,0
use the midterm exam and final exam as the 2nd and 1st keywords respectively in order to assign a rank to every one of the students,['sort'],set(),[],[],[],1,0,0,0,0
what did the majority of students receive as a grade,['characterize distribution'],set(),[],['characterize distribution'],['characterize distribution'],1,0,0,1,1
use the final exam as the first keyword and midterm exam as the second keyword to rank all the students,['sort'],set(),[],[],[],1,0,0,0,0
"show me the scope, among all the students, of the cw2 score",['characterize distribution'],set(),[],['characterize distribution'],['characterize distribution'],1,0,0,1,1
"in cw1, how many students achieved the feat of 100%, or full marks",[],{'retrieve value'},['filter'],[],[],0,1,1,0,0
rank the grades from highest to lowest according to the average score,['sort'],set(),[],[],[],1,0,0,0,0
can you tell me the median score of the cw1 class,['compute derived value'],{'retrieve value'},['compute derived value '],['compute derived value'],['compute derived value'],1,1,1,1,1
do you know the median score of all students in cw1,['compute derived value'],{'retrieve value'},['compute derived value '],[],[],1,1,1,0,0
how many students received an a,[],{'retrieve value'},['filter'],[],[],0,1,1,0,0
select all cw1 scores not less than 80%,['filter'],set(),[],[],[],1,0,0,0,0
arrange the students by grade and furnish me with a list,['sort'],{'retrieve value'},['sort'],[],[],1,1,1,0,0
what is the distribution of the total points of the students,['characterize distribution'],set(),[],[],[],1,0,0,0,0
was the same midterm exam given to velma paul and glynis caine,[],{'compare'},['retrieve value'],[],[],0,1,1,0,0
what is the relationship between level of education and crime rate,[],{'correlate'},['dependency'],[],[],0,1,1,0,0
are there any visible trends in violent crime rates over the time period,['trend'],set(),[],[],[],1,0,0,0,0
what is the most frequent place of violent crime,[],{'find extremum'},['characterize distribution'],[],[],0,1,1,0,0
are there any correlations between crime types and geographic location,['correlate'],set(),[],[],[],1,0,0,0,0
what is the distribution for non-violent crimes based on age,['characterize distribution'],set(),[],[],[],1,0,0,0,0
are there any correlations in violent or non-violent crimes based on congressional district and year,['correlate'],set(),[],[],[],1,0,0,0,0
is there a somewhat even distribution between the year and congressional district,['characterize distribution'],set(),[],[],[],1,0,0,0,0
what city has the highest crime rate,[],{'find extremum'},['compare'],[],[],0,1,1,0,0
what’s the frequency of gun violence incidents with multiple victims,['characterize distribution'],set(),[],['characterize distribution'],['characterize distribution'],1,0,0,1,1
how many gun violence incidents are there each year,[],"{'trend', 'retrieve value'}","['characterize distribution', 'characterize distribution']",[],[],0,2,2,0,0
are there any significant correlations between any 2 variables in the dataset,['correlate'],{'find anomalies'},['correlate'],[],[],1,1,1,0,0
how many incidents of gun violence result in death (ie what proportion are fatal vs non-fatal),[],"{'compute derived value', 'characterize distribution'}","['summarize', 'summarize']",[],[],0,2,2,0,0
what鈥檚 the frequency of gun violence incidents with multiple victims,['characterize distribution'],set(),[],['characterize distribution'],['characterize distribution'],1,0,0,1,1
are males or females more likely to die of gun violence,['compare'],set(),[],['compare'],['compare'],1,0,0,1,1
is one sex more likely to perpetrate gun violence,['compare'],set(),[],['compare'],['compare'],1,0,0,1,1
is more gun violence committed with stolen guns or non stolen guns,['compare'],set(),[],['compare'],['compare'],1,0,0,1,1
how have homicide rates increased over time,['trend'],set(),[],[],[],1,0,0,0,0
what type of gun violence has seen the most growth over the years,['trend'],{'find extremum'},"['compare', 'compare', ' trend']",[],[],1,3,3,0,0
are most gun death because of suicide,[],"{'find anomalies', 'characterize distribution'}","['compare', ' filter', 'compare', ' filter']",[],[],0,4,4,0,0
did most gun violence happen inside home,[],{'characterize distribution'},"['compare', ' filter']",[],[],0,2,2,0,0
what is the correlation between education levels and suicide rates,['correlate'],set(),[],[],[],1,0,0,0,0
which state/year has the most gun deaths,[],{'find extremum'},['compare'],[],[],0,1,1,0,0
"according to population, what is the rank of each of region",['sort'],set(),[],[],[],1,0,0,0,0
what is the number of hospitals located in manyara,['retrieve value'],set(),[],['retrieve value'],['retrieve value'],1,0,0,1,1
which 10 regions have the most health centers,[],"{'retrieve value', 'sort'}","['find extremum', 'find extremum']",[],[],0,2,2,0,0
look up regions that names start with the letter a,['filter'],set(),[],['filter'],['filter'],1,0,0,1,1
make a list of the number of total hfs in descending order,['sort'],set(),[],[],[],1,0,0,0,0
what is the average count of hospitals,[],{'compute derived value'},['characterize distribution'],[],[],0,1,1,0,0
what is the number of clinics that are in mara,[],{'retrieve value'},"['Filter', ' filter']",[],[],0,2,2,0,0
what's the distribution of the entire hfs,['characterize distribution'],set(),[],[],[],1,0,0,0,0
which region has the lowest population ratio of hf,['find extremum'],set(),[],['find extremum'],['find extremum'],1,0,0,1,1
enter the regions from this table,['retrieve value'],set(),[],['retrieve value'],['retrieve value'],1,0,0,1,1
look for the region that has the most people living in it,['find extremum'],set(),[],['find extremum'],['find extremum'],1,0,0,1,1
remove any regions with a population ratio of hf lower than 15,['filter'],set(),[],[],[],1,0,0,0,0
the population range needs to be discovered,['determine range'],set(),[],[],[],1,0,0,0,0
do any regions have their population ratio over 20 hf,['filter'],set(),[],['filter'],['filter'],1,0,0,1,1
"when the score difference is more than 5, please list the extreme matches to this","['filter', 'find extremum']",set(),['filter'],[],[],2,1,1,0,0
please indicate the friendly tournament matches in which the home team beat the away team,['filter'],{'retrieve value'},['filter'],[],[],1,1,1,0,0
tell me all the tournament matches that the home team won against the away team,['filter'],set(),[],['filter'],['filter'],1,0,0,1,1
which group of nations won the most games,[],{'find extremum'},['compare'],[],[],0,1,1,0,0
"based on the number of matches, can you tell me what the distribution of cities is",['characterize distribution'],set(),[],[],[],1,0,0,0,0
what group of nations of have the most games,['find extremum'],set(),[],['find extremum'],['find extremum'],1,0,0,1,1
what countries have won a similar number of games,[],{'similarity'},['cluster'],[],[],0,1,1,0,0
do you know which videos have more than 100 tags,['filter'],set(),[],['filter'],['filter'],1,0,0,1,1
"in the videos by ' eminemvevo ', what are the average number of comments made",[],{'compute derived value'},['summarize'],[],[],0,1,1,0,0
which videos are missing thumbnail links,[],{'find anomalies'},['filter'],[],[],0,1,1,0,0
show me the video with the highest number of tags,['find extremum'],set(),[],['find extremum'],['find extremum'],1,0,0,1,1
indicate the number of likes that ' plush- bad unboxing fan mail ' receives,['retrieve value'],set(),[],[],[],1,0,0,0,0
what is the number if likes from the ' plush- bad unboxing fan mail ' video,['retrieve value'],set(),[],[],[],1,0,0,0,0
discover the most liked removed video,[],{'find extremum'},"['sort', ' retrieve value']",[],[],0,2,2,0,0
are there are special characters included in the title,[],{'find anomalies'},['filter'],[],[],0,1,1,0,0
do videos with longer titles get more attention,['correlate'],set(),[],['correlate'],['correlate'],1,0,0,1,1
tell me about the ' plush- bad unboxing fan mail ' video,['retrieve value'],set(),[],['retrieve value'],['retrieve value'],1,0,0,1,1
can you show me how the likes are distributed,['characterize distribution'],set(),[],[],[],1,0,0,0,0
what is the propensity of the number of vehicles in japan and korea from the year 2000 to 2010,[],{'trend'},[''],[],[],0,1,1,0,0
does life expectancy have any relation with the percentage of smokers,[],{'correlate'},['dependency'],[],[],0,1,1,0,0
is the male to female ratio more imbalanced in the last decade in russia,[],"{'trend', 'compare'}","['', '']",[],[],0,2,2,0,0
is the speed of economic development relative to the population of each country,[],{'correlate'},[''],[],[],0,1,1,0,0
show me the gdp ranking of european countries,[],{'sort'},[''],[],[],0,1,1,0,0
"to cluster the states in the us, i wish to use middle income",['cluster'],set(),[],[],[],1,0,0,0,0
do all the countries in africa have a lower average pci than all the countries in europe,[],{'compare'},[''],[],[],0,1,1,0,0
could you tell me the continental location of the poorest ( lowest income ) country,['retrieve value'],{'find extremum'},['retrieve value'],['retrieve value'],['retrieve value'],1,1,1,1,1
"when looking at the average income in european countries, what is the variance",['characterize distribution'],set(),[],['characterize distribution'],['characterize distribution'],1,0,0,1,1
what are the minimum and maximum populations of the chinese provinces,['find extremum'],set(),[],[],[],1,0,0,0,0
what is the average height of the floors of these buildings,[],{'compute derived value'},['characterize distribution'],[],[],0,1,1,0,0
compare the number of tall buildings in hong kong with taiwan,['compare'],set(),[],[],[],1,0,0,0,0
compare the number of tall buildings in hong kong with taiwan,['compare'],set(),[],[],[],1,0,0,0,0
what location has the highest number of tall buildings,['find extremum'],set(),[],['find extremum'],['find extremum'],1,0,0,1,1
"provide the total sum of all the separated, divorced, and widowed people in lindi",['compute derived value'],set(),[],['compute derived value'],['compute derived value'],1,0,0,1,1
does simiyu have a similar structure of peope as that of katavi,['similarity'],set(),[],[],[],1,0,0,0,0
can you tell me how mara attributes are distributed,[],{'characterize distribution'},"['distribution', ' filter']",[],[],0,2,2,0,0
is the total attribute of one area equal to the sum of the other attributes in any area,[],"{'compute derived value', 'find anomalies'}","['compare', 'compare']",[],[],0,2,2,0,0
relationship between imdb rating and rotten tomatoes rating,['correlate'],set(),[],['correlate'],['correlate'],1,0,0,1,1
what's the production budget for movies in different years,['characterize distribution'],{'retrieve value'},['characterize distribution'],[],[],1,1,1,0,0
movie gross and budget relationship based on genre,[],{'correlate'},['dependency'],[],[],0,1,1,0,0
show me imdb rating versus rotten tomatoes rating,['correlate'],set(),[],['correlate'],['correlate'],1,0,0,1,1
what creative type of movie had the highest production budget for each content rating,[],"{'correlate', 'find extremum'}","['characterize distribution', 'characterize distribution']",[],[],0,2,2,0,0
what is the relationship between production budget and worldwide gross for each major genre,[],{'correlate'},['dependency'],[],[],0,1,1,0,0
what is the relationship between release year and average production budget,[],{'correlate'},['dependency'],[],[],0,1,1,0,0
what major genre had the highest average worldwide gross,['find extremum'],set(),[],['find extremum'],['find extremum'],1,0,0,1,1
what major genre had the lowest average worldwide gross,['find extremum'],set(),[],['find extremum'],['find extremum'],1,0,0,1,1
how much did average worldwide gross vary by major genre,[],{'characterize distribution'},['find extremum'],[],[],0,1,1,0,0
how many movies are there are of each creative type,['characterize distribution'],set(),[],['characterize distribution'],['characterize distribution'],1,0,0,1,1
which creative type had the most movies,[],{'find extremum'},['characterize distribution'],[],[],0,1,1,0,0
which creative type had the fewest movies,[],{'find extremum'},['characterize distribution'],[],[],0,1,1,0,0
what is the total worldwide gross for each major genre across time,[],"{'correlate', 'compute derived value'}","['summarize', 'summarize']",[],[],0,2,2,0,0
is there a relationship between production budget and worldwide gross for each content rating,['correlate'],set(),[],[],[],1,0,0,0,0
what is the distribution of running times for each movie,['characterize distribution'],set(),[],[],[],1,0,0,0,0
is there a relationship between imdb rating and rotten tomatoes rating,['correlate'],set(),[],['correlate'],['correlate'],1,0,0,1,1
movie run time distribution,['characterize distribution'],set(),[],[],[],1,0,0,0,0
how production budget changes over release years,['trend'],set(),[],[],[],1,0,0,0,0
what was the average production budget of movies by year,[],{'compute derived value'},['trend'],[],[],0,1,1,0,0
"what's the average production budget of the different rated movies, separated by creative type",[],"{'compute derived value', 'filter'}","['compare', 'compare']",[],[],0,2,2,0,0
which genre movie makes most worldwide gross,['find extremum'],set(),[],['find extremum'],['find extremum'],1,0,0,1,1
are imdb rating and rotten tomatoes rating related,['correlate'],set(),[],[],[],1,0,0,0,0
what is the worldwide gross distribution per genre,['characterize distribution'],set(),[],[],[],1,0,0,0,0
what's the breakdown of production budget by creative type per content rating,[],{'characterize distribution'},['compare'],[],[],0,1,1,0,0
how does rotten tomatoes rating change as imdb rating,['correlate'],set(),[],['correlate'],['correlate'],1,0,0,1,1
what is the total worldwide gross earned by each major genre and content rating,[],{'compute derived value'},['compare'],[],[],0,1,1,0,0
"for each genre and rating, what is the total world-wide gross earnings",[],{'compute derived value'},['compare'],[],[],0,1,1,0,0
how much did each type of movie earn in across the whole world,[],{'retrieve value'},['compare'],[],[],0,1,1,0,0
how much money did movies of each genre and rating make,[],"{'retrieve value', 'filter'}","['compare', 'compare']",[],[],0,2,2,0,0
"what was the average budget for each content rating and creative type, as multiple column charts",[],"{'compute derived value', 'cluster'}","['compare', 'compare']",[],[],0,2,2,0,0
what is the average production budget in each year,[],{'compute derived value'},['characterize distribution'],[],[],0,1,1,0,0
compare imdb rating to rotten tomatoes rating,['compare'],set(),[],[],[],1,0,0,0,0
which creative types have the most movies,[],{'find extremum'},['characterize distribution'],[],[],0,1,1,0,0
"on average, how much was earned by movies of each genre",[],{'compute derived value'},"['compare', ' characterize distribution']",[],[],0,2,2,0,0
how many movies are of each length,['characterize distribution'],set(),[],['characterize distribution'],['characterize distribution'],1,0,0,1,1
help me see outliers in imdb and rotten tomatoes ratings,['find anomalies'],set(),[],[],[],1,0,0,0,0
what was the average worldwide gross of movies by genre,[],{'compute derived value'},['characterize distribution'],[],[],0,1,1,0,0
how much did major genres gross in total,[],{'compute derived value'},['compare'],[],[],0,1,1,0,0
gross across genres regarding content rating,[],{'correlate'},['compare'],[],[],0,1,1,0,0
what's the distribution of running times by movie,['characterize distribution'],set(),[],[],[],1,0,0,0,0
how many movies are there in 20 minute bins of running time,['characterize distribution'],set(),[],['characterize distribution'],['characterize distribution'],1,0,0,1,1
how many movies are there for each creative type,['characterize distribution'],set(),[],['characterize distribution'],['characterize distribution'],1,0,0,1,1
show me the variation in the amount ordered by different entities in different orders,[],{'characterize distribution'},[''],[],[],0,1,1,0,0
worldwide gross for each genre for each year 1995 to now,['filter'],{'retrieve value'},"['filter', ' compare']",[],[],1,2,2,0,0
"cumulative gross for each content rating, by major genre",[],"{'correlate', 'compute derived value'}","['compare', 'compare']",[],[],0,2,2,0,0
relation between worldwide gross and production budget for each major genre,[],{'correlate'},['dependency'],[],[],0,1,1,0,0
which position has the highest average of playing time,['find extremum'],{'compute derived value'},['find extremum'],[],[],1,1,1,0,0
name movies released in 2017,['filter'],{'retrieve value'},['filter'],[],[],1,1,1,0,0
is the normal distribuition satisfied by the length of the movies,['characterize distribution'],set(),[],['characterize distribution'],['characterize distribution'],1,0,0,1,1
sort the movies by length,['sort'],set(),[],[],[],1,0,0,0,0
how long is the run time of average r-rated movies,[],{'compute derived value'},"['characterize distribution', ' filter']",[],[],0,2,2,0,0
give me the numbers of movies that were released in 2017,[],{'retrieve value'},"['compute derived value', ' filter']",[],[],0,2,2,0,0
is there an average run time for movies,[],{'compute derived value'},['characterize distribution'],[],[],0,1,1,0,0
is the running time of movies recently longer than it used to be,['trend'],{'compare'},['trend'],['trend'],['trend'],1,1,1,1,1
do movie tags and duration have a connection,[],{'correlate'},['dependency'],[],[],0,1,1,0,0
determine if the running time of movies has increased in recent years,['trend'],set(),[],['trend'],['trend'],1,0,0,1,1
show me the dates that netflix released movies,[],{'retrieve value'},"['characterize distribution', ' filter']",[],[],0,2,2,0,0
does any movies not have a description,[],{'find anomalies'},['summarize'],[],[],0,1,1,0,0
at what point was data added to the table for netflix,['retrieve value'],set(),[],['retrieve value'],['retrieve value'],1,0,0,1,1
"what is the percentage of the white population in blount county, alabama",[],{'retrieve value'},"['compute derived value', ' compare', ' filter']",[],[],0,3,3,0,0
"what percentage of the blount county, alabama population is white",[],{'retrieve value'},"['compute derived value', ' compare', ' filter']",[],[],0,3,3,0,0
sort all the counties in connecticut by the percentages of the hispanic population,['sort'],set(),[],[],[],1,0,0,0,0
tell me which county has the greatest number of female residents,['find extremum'],set(),[],['find extremum'],['find extremum'],1,0,0,1,1
calculate the average black population for each state,['compute derived value'],set(),[],[],[],1,0,0,0,0
i want to see the distribution of the school rankings in geita in 2006,['characterize distribution'],set(),[],['characterize distribution'],['characterize distribution'],1,0,0,1,1
do the pass rate and the ownership of schools have any correlation,['correlate'],set(),[],[],[],1,0,0,0,0
create a list of schools showing the descending order by change_p,['sort'],set(),[],[],[],1,0,0,0,0
can you provide a list of school names in geita,['retrieve value'],set(),[],['retrieve value'],['retrieve value'],1,0,0,1,1
determine if there are any schools in neighboring regions that have similar avg_m,['similarity'],{'filter'},['similarity'],[],[],1,1,1,0,0
can you tell me what peacland english medium school's change pre is in 2016,['retrieve value'],set(),[],['retrieve value'],['retrieve value'],1,0,0,1,1
list the values of kwema modern pr school's change_p in all the years,['retrieve value'],set(),[],['retrieve value'],['retrieve value'],1,0,0,1,1
what schools have similar avg_m in the neighboring region,['similarity'],{'filter'},['similarity'],[],[],1,1,1,0,0
which of these school have a pass rate of over 90,['filter'],set(),['compare'],[],[],1,1,1,0,0
they want to know what tactic is most effective during football,[],{'find extremum'},['compare'],[],[],0,1,1,0,0
were you aware of the most recent news,[],{'find anomalies'},[''],[],[],0,1,1,0,0
the clubs should be arranged by their shooting attempts,[],{'sort'},['compare'],[],[],0,1,1,0,0
what was the total amount of goals scored in the game that liverpool played in,['compute derived value'],{'retrieve value'},['compute derived value'],['compute derived value'],['compute derived value'],1,1,1,1,1
the games are sorted by experts by their date,['sort'],set(),[],[],[],1,0,0,0,0
rank these clubs by their shooting attempts,[],{'sort'},['rank'],[],[],0,1,1,0,0
are the students who are younger more likely to use wechat,['correlate'],set(),[],['correlate'],['correlate'],1,0,0,1,1
can lower study times among students cause greater failure rates in class,['correlate'],set(),[],['correlate'],['correlate'],1,0,0,1,1
can you name an unusual reason for choosing this school,[],{'find anomalies'},['characterize distribution'],[],[],0,1,1,0,0
could you show me the list sorted by study time ( longest to shortest ),['sort'],set(),[],[],[],1,0,0,0,0
find the distribution by age,['characterize distribution'],set(),[],[],[],1,0,0,0,0
can you tell me which students have fathers that are teachers,['filter'],set(),[],['filter'],['filter'],1,0,0,1,1
retrieve the students with fathers who work as teachers,['filter'],set(),[],[],[],1,0,0,0,0
tell me the youngest students in the dataset,['find extremum'],set(),[],['find extremum'],['find extremum'],1,0,0,1,1
tell me the types of jobs the student's mothers have,[],{'retrieve value'},['characterize distribution'],[],[],0,1,1,0,0
i 'm wondering would the travel time decrease for students if they spent more time studying,['correlate'],set(),[],['correlate'],['correlate'],1,0,0,1,1
would more time spent on studying reduce travel time for students,['correlate'],set(),[],['correlate'],['correlate'],1,0,0,1,1
do countries with high populations wish to slow down population growth,['correlate'],set(),[],['correlate'],['correlate'],1,0,0,1,1
can you tell me the state which may have the largest average population in the next year,[],"{'predict', 'find extremum'}","['compare', 'compare']",[],[],0,2,2,0,0
can you see any abnormalities in the suicide rates,['find anomalies'],set(),[],['find anomalies'],['find anomalies'],1,0,0,1,1
name the country with the lowest suicide rate,['find extremum'],{'retrieve value'},['find extremum'],[],[],1,1,1,0,0
do you know the average number of suicides in europe,[],{'compute derived value'},['compute derived data'],[],[],0,1,1,0,0
are there any countries with anomalously low suicides rates,['find anomalies'],set(),[],[],[],1,0,0,0,0
is there similarities between gdp per capita and suicide rates,['similarity'],{'correlate'},['similarity'],[],[],1,1,1,0,0
were there any countries with abnormally low suicide rates,['find anomalies'],set(),[],[],[],1,0,0,0,0
"with the suicide larger than 100, determine the ages in albania",[],"{'retrieve value', 'filter'}","['characterize distribution', 'characterize distribution']",[],[],0,2,2,0,0
the country with the lowest suicide rate is,['find extremum'],{'retrieve value'},['find extremum'],[],[],1,1,1,0,0
what is the distribution rate of suicide,['characterize distribution'],set(),[],[],[],1,0,0,0,0
what is the total number of all suicides in 1999,[],{'compute derived value'},"['characterize distribution', ' filter']",[],[],0,2,2,0,0
would there be any clustering of countries in terms of suicide rates,['cluster'],set(),[],[],[],1,0,0,0,0
create a list showing the ages of people who committed suicide in albania,"['retrieve value', 'filter']",set(),['retrieve value'],['retrieve value'],['retrieve value'],2,1,1,1,1
"for the gdp of china, has it gone up or down over the last decade",['trend'],set(),[],['trend'],['trend'],1,0,0,1,1
"of all countries, how is the gdp distribution",['characterize distribution'],set(),[],[],[],1,0,0,0,0
has there been an increase or decrease in the gdp of china over the last 10 years,['trend'],set(),[],['trend'],['trend'],1,0,0,1,1
how much is the average of profit of each state,[],{'compute derived value'},['compare'],[],[],0,1,1,0,0
how do the company earn in each state,[],{'retrieve value'},['compare'],[],[],0,1,1,0,0
what were the total sales for each date in each category,[],"{'compute derived value', 'retrieve value'}","['compare', 'compare']",[],[],0,2,2,0,0
how much was sold each day for each category,[],{'retrieve value'},['compare'],[],[],0,1,1,0,0
what is the average profit for each state,[],{'compute derived value'},['compare'],[],[],0,1,1,0,0
what is the relationship between profit and sales,[],{'correlate'},['dependency'],[],[],0,1,1,0,0
what is the average profit of each ship mode divided by segment,[],{'compute derived value'},['compare'],[],[],0,1,1,0,0
what is the sales forecast for each date,[],"{'trend', 'retrieve value'}","['compare', 'compare']",[],[],0,2,2,0,0
how many orders were placed for each order quantity,['characterize distribution'],set(),[],['characterize distribution'],['characterize distribution'],1,0,0,1,1
what is the relationship between sales and profit for each region,[],{'correlate'},['dependency'],[],[],0,1,1,0,0
how many orders were placed for each sub-category,[],{'compute derived value'},['characterize distribution'],[],[],0,1,1,0,0
"what is the total profit for each region, based on ship status",[],{'compute derived value'},['compare'],[],[],0,1,1,0,0
what is the sales trend of the different product categories,['trend'],set(),[],[],[],1,0,0,0,0
how many products have 3 or more quantity ordered,[],"{'filter', 'summarize'}","['compare', 'compare']",[],[],0,2,2,0,0
how many products are ordered in single quantity,[],"{'retrieve value', 'filter'}","['compare', 'compare']",[],[],0,2,2,0,0
density of sales across regions and their profitability,[],"{'correlate', 'characterize distribution'}","['compare', 'compare']",[],[],0,2,2,0,0
what are the profits across different states,[],{'retrieve value'},['compare'],[],[],0,1,1,0,0
what product category has more orders placed,[],{'find extremum'},['compare'],[],[],0,1,1,0,0
sales forecast between jan 2016 and july 2017,[],{'trend'},"['retrieve value', ' filter']",[],[],0,2,2,0,0
i want to know how many orders there are by the quantity of the order,[],{'characterize distribution'},['compute derived value'],[],[],0,1,1,0,0
what is our profit based on shipping mode by customer segment,[],{'correlate'},['compare'],[],[],0,1,1,0,0
what is the sales vs profit ratio of the four regions,['compare'],{'compute derived value'},['compare'],[],[],1,1,1,0,0
what is the average profit of each state,[],{'compute derived value'},['compare'],[],[],0,1,1,0,0
what is the sales vs profit ratio of all the zones,[],"{'correlate', 'compute derived value'}","['compare', 'compare']",[],[],0,2,2,0,0
what is the average profit of different segments on the ship modes of transport,[],"{'correlate', 'compute derived value'}","['compare', 'compare']",[],[],0,2,2,0,0
how much is the profit for sales for each,[],{'retrieve value'},['compare'],[],[],0,1,1,0,0
what is the correlation between sales and profit by region,['correlate'],set(),[],[],[],1,0,0,0,0
can you create a graph showing sales and profit by region,[],{'correlate'},['compare'],[],[],0,1,1,0,0
"from all of the universities in london, list the one who has the most faculties",[],{'find extremum'},['filter'],[],[],0,1,1,0,0
show me a university that has more than 30 faculties and more than 50 teachers,['filter'],set(),[],['filter'],['filter'],1,0,0,1,1
universities with similar number of teachers,['similarity'],set(),[],[],[],1,0,0,0,0
"from all of the universities in london, list the one who has the most faculties",[],{'find extremum'},['filter'],[],[],0,1,1,0,0
the universities cover which locations,[],{'retrieve value'},['characterize distribution'],[],[],0,1,1,0,0
what is the teacher distribution of new york universities,['characterize distribution'],set(),[],[],[],1,0,0,0,0
would teachers in harvard be considered outliers if the university was in new york,['find anomalies'],set(),[],[],[],1,0,0,0,0
what is the number of divisions in harvard university,[],{'retrieve value'},['filter'],[],[],0,1,1,0,0
which movie is the highest-grossing,['find extremum'],{'retrieve value'},['find extremum'],[],[],1,1,1,0,0
do you feel that midfield players have a lower market value than front court players,['compare'],set(),[],['compare'],['compare'],1,0,0,1,1
can you tell me if there is a correlation between revenue and the release year,['correlate'],set(),[],[],[],1,0,0,0,0
is there a typical film lengths group,[],{'characterize distribution'},[''],[],[],0,1,1,0,0
in the premier league how are the transferred players ages distributed,['characterize distribution'],set(),[],[],[],1,0,0,0,0
tell me a reason why top backcourt players have a higher market value than the top frontcourt player,[],{'compare'},['filter'],[],[],0,1,1,0,0
which player had an abnormal transfer_fee,['find anomalies'],set(),[],[],[],1,0,0,0,0
how old was david when he was transferred in 2010,['retrieve value'],set(),[],['retrieve value'],['retrieve value'],1,0,0,1,1
"what player had a market value of 50,000,000 and was transferred for 58,500,000 in the 2010鈥毭劽011",['filter'],{'retrieve value'},"['filter', ' filter']",[],[],1,2,2,0,0
"for the center forward position, what was the highest market value for the 2011-2012 season",['find extremum'],{'retrieve value'},"['find extremum', ' filter']",[],[],1,2,2,0,0
tell me the numbers of the transferred players in different leagues in the 2010-2011 season,[],{'retrieve value'},"['compare', ' filter']",[],[],0,2,2,0,0
"what player had a market value of 50,000,000 and was transferred for 58,500,000 in the 2010‚äì2011",['filter'],{'retrieve value'},"['filter', ' filter']",[],[],1,2,2,0,0
could you buy a player with his market value higher than a transfer fee,[],{'compare'},['filter'],[],[],0,1,1,0,0
what is the average transfer_fee for players who transferred to the premier league,[],{'compute derived value'},"['characterize distribution', ' filter']",[],[],0,2,2,0,0
list center-backs by what their transfer_fee was,['retrieve value'],{'sort'},"['retrieve value', ' filter']",['retrieve value'],['retrieve value'],1,2,2,1,1
which player was the oldest that was transferred,['find extremum'],set(),[],['find extremum'],['find extremum'],1,0,0,1,1
what is the distribution of the leagues who paid for transferred players in 2010,['characterize distribution'],set(),[],[],[],1,0,0,0,0
are you aware of any clustering of the seasons in which players were transferred to the premier league,['cluster'],set(),[],[],[],1,0,0,0,0
"if you were to average it out, how upbeat would you say the songs are",['characterize distribution'],{'compute derived value'},['characterize distribution'],['characterize distribution'],['characterize distribution'],1,1,1,1,1
describe the popularity of the loudest song,['retrieve value'],{'characterize distribution'},['retrieve value'],['retrieve value'],['retrieve value'],1,1,1,1,1
can you help me find some popular songs,[],{'retrieve value'},['sort'],[],[],0,1,1,0,0
"in terms of length, how long is ' beautiful people '",['retrieve value'],set(),[],['retrieve value'],['retrieve value'],1,0,0,1,1
tell me which genres were mentioned,[],{'retrieve value'},['summarize'],[],[],0,1,1,0,0
what songs of the pop genrea has sam smith released,['filter'],{'retrieve value'},"['compare', ' filter', 'compare']",[],[],1,3,3,0,0
are there singers who span multiple genres,[],{'cluster'},['retrieve value'],[],[],0,1,1,0,0
determine in what year the income of undergraduate students was higher,[],{'find extremum'},"['compare', ' trend']",[],[],0,2,2,0,0
how are postgraduate student numbers distributed every year,['characterize distribution'],set(),[],['characterize distribution'],['characterize distribution'],1,0,0,1,1
could you tell me if there is any correlation between the number of undergraduate and postgraduate students,['correlate'],set(),[],[],[],1,0,0,0,0
state the average income of postgraduate students in each country,[],{'compute derived value'},['compare'],[],[],0,1,1,0,0
what is the number of postgraduate students for each year,[],{'retrieve value'},['characterize distribution'],[],[],0,1,1,0,0
"in each year, what is the distribution of the number of postgraduates",['characterize distribution'],set(),[],[],[],1,0,0,0,0
the chart teaches them the horsepower range,['determine range'],set(),[],[],[],1,0,0,0,0
name me a country that's happiness score does not coincide with the region it belongs to,[],{'find anomalies'},['dependency'],[],[],0,1,1,0,0
tell me the country with the lowest trust score,['find extremum'],set(),[],['find extremum'],['find extremum'],1,0,0,1,1
is there a correlation between happiness scores and other attributes,['correlate'],set(),[],[],[],1,0,0,0,0
"what countries, other than finland, have higher happiness scores and lower gdp",['compare'],{'filter'},['compare'],['compare'],['compare'],1,1,1,1,1
can you tell me the area in the previous decade that increased rapidly in the happiness score,['trend'],{'find anomalies'},['trend'],[],[],1,1,1,0,0
"can you tell me, in terms of economy, what is the range across all countries",['determine range'],set(),[],[],[],1,0,0,0,0
show me any clustering there may be in the gdp that has a happiness score of larger than 5,['cluster'],{'filter'},['clustering'],[],[],1,1,1,0,0
within the last year have any countries experienced a sudden decrease in happiness score,[],{'find anomalies'},['trend'],[],[],0,1,1,0,0
can you tell me the range of happiness score in western europe,['determine range'],set(),[],[],[],1,0,0,0,0
"out of all the countries, which ones have a happiness score higher then finland",['filter'],{'compare'},['filter'],['filter'],['filter'],1,1,1,1,1
can you tell me in what range will the number of countries in each region fall,[],{'determine range'},['characterize distribution'],[],[],0,1,1,0,0
please identify the parameters of the happiness score in western europe,['filter'],{'retrieve value'},"['characterize distribution', ' filter', 'characterize distribution']",[],[],1,3,3,0,0
show all the countries with happiness scores higher than 5,['filter'],set(),[],['filter'],['filter'],1,0,0,1,1
name the continent that contains the greatest number of countries that are top 10 on the happiness index,['find extremum'],{'filter'},['find extremum'],['find extremum'],['find extremum'],1,1,1,1,1
do any countries have happiness scores that don 't match with their gdp,[],"{'correlate', 'find anomalies'}","['characterize distribution', 'characterize distribution']",[],[],0,2,2,0,0
"of all the countries trust score, which country has the lowest",['find extremum'],set(),[],['find extremum'],['find extremum'],1,0,0,1,1
name the country that scores the least on trust,['find extremum'],{'retrieve value'},['find extremum'],[],[],1,1,1,0,0
what is the range across all the countries in terms of economy,[],{'determine range'},['find extremum'],[],[],0,1,1,0,0
"organize the countries based on happiness score, with the score limit on each group being 10",[],"{'cluster', 'sort'}","['characterize distribution', 'characterize distribution']",[],[],0,2,2,0,0
show me the distribution of the health score as it is presented in different regions,['characterize distribution'],set(),[],[],[],1,0,0,0,0
tell me the average gdp of countries in western europe,[],{'compute derived value'},"['characterize distribution', ' filter']",[],[],0,2,2,0,0
organize the countries by their region,['sort'],set(),[],[],[],1,0,0,0,0
"for all the regions, can you show me the pattern of the happiness score",[],{'trend'},['cluster'],[],[],0,1,1,0,0
what are all the countries that have a happiness score similar to fineland 5 is an acceptable error score,"['similarity', 'filter']",set(),['filter'],['filter'],['filter'],2,1,1,1,1
what is the range of economy across all the countries,['determine range'],set(),[],[],[],1,0,0,0,0
rank countries high to low by their family score,['sort'],set(),[],[],[],1,0,0,0,0
can we conclude that higher happiness comes from higher freedom,['correlate'],set(),[],['correlate'],['correlate'],1,0,0,1,1
what dimension of the happiness index has the maximum fluctuation,[],{'find extremum'},"['summarize', ' compare']",[],[],0,2,2,0,0
retrieve the country that has had a sudden decrease in happiness score within a year,[],"{'retrieve value', 'find anomalies'}","['filter', 'filter']",[],[],0,2,2,0,0
"across all regions, what is the happiness score pattern",[],{'trend'},['characterize distribution'],[],[],0,1,1,0,0
the health score is highest in which country,['find extremum'],set(),[],['find extremum'],['find extremum'],1,0,0,1,1
the highest health score is held by which country,['find extremum'],{'retrieve value'},['find extremum'],['find extremum'],['find extremum'],1,1,1,1,1
please help me identify the least common age,[],{'find extremum'},['Find Anomalies'],[],[],0,1,1,0,0
