mixtral_query,mixtral_positive matches,mixtral_llm only matches,mixtral_gt only matches,mixtral_correct task inferences,mixtral_missed task inferences,mixtral_positive matches count,mixtral_llm only matches count,mixtral_gt only matches count,mixtral_correct task inferences count,mixtral_missed task inferences count
"in terms of the readings, group the similar timestamps for the sants",[],{'cluster'},"['similarity', ' filter']",[],[],0,2,2,0,0
"for o3, what is the distribution value",['characterize distribution'],set(),[],[],[],1,0,0,0,0
"in the whole table, show me the best record of pm10",['retrieve value'],{'find extremum'},['retrieve value'],['retrieve value'],['retrieve value'],1,1,1,1,1
"based on their pollution, group the locations together that are similar",['cluster'],set(),[],[],[],1,0,0,0,0
please look at the o3 data and find the minimum number,['find extremum'],{'retrieve value'},['find extremum'],[],[],1,1,1,0,0
in what manner are good air quality records dispersed throughout the monitored region,[],{'characterize distribution'},"['distribution', ' filter']",[],[],0,2,2,0,0
are there any outliers in pm10 readings from a temporal perspective,[],"{'determine range', 'characterize distribution'}","['find anomalies', 'find anomalies']",[],[],0,2,2,0,0
work out the quality of o3,[],{'determine range'},['retrieve value'],[],[],0,1,1,0,0
put the readings in order according to their pm 10 values,['sort'],set(),[],[],[],1,0,0,0,0
is distribution for pm10 value anything other than normal,['characterize distribution'],set(),[],[],[],1,0,0,0,0
show me a day with extremely bad air quality,[],"{'determine range', 'characterize distribution'}","['filter', 'filter']",[],[],0,2,2,0,0
what days had really bad air quality,[],{'determine range'},['filter'],[],[],0,1,1,0,0
give me the count of missing readings in this table,[],"{'filter', 'count'}","['retrieve value', 'retrieve value']",[],[],0,2,2,0,0
"show me the data attribute that has the most na values, for example the hardest data points to collect",[],set(),[],[],[],0,0,0,0,0
describe the change in air quality over one day describe the change in each air pollutant,[],"{'determine range', 'compare', 'characterize distribution'}","['trend', 'trend', 'trend']",[],[],0,3,3,0,0
could you search all available values for pm10 quality,['retrieve value'],set(),[],['retrieve value'],['retrieve value'],1,0,0,1,1
are the o3 value and the pm10 value dependent on each other,[],{'dependency'},['Dependency'],[],[],0,1,1,0,0
"across the monitored region, what is the distribution of records for good air quality",[],"{'determine range', 'characterize distribution'}","['distribution', ' summarize', ' filter', 'distribution', ' summarize', ' filter']",[],[],0,6,6,0,0
what months are hurricanes most common,[],{'retrieve value'},['find extremum'],[],[],0,1,1,0,0
where are storms most common depending on the time of year,[],"{'determine range', 'characterize distribution'}","['compare', 'compare']",[],[],0,2,2,0,0
are there more storms in recent years,[],{'determine range'},['characterize distribution'],[],[],0,1,1,0,0
what does the distribution of the storms look like,['distribution'],set(),[],[],[],1,0,0,0,0
what is the most frequent status over the year,[],{'summarize'},['find extremum'],[],[],0,1,1,0,0
"what is the main factor depending on different status (wind, time, pressure, or etc)",['dependency'],set(),[],['dependency'],['dependency'],1,0,0,1,1
what was the name of the earliest storm,['retrieve value'],set(),[],['retrieve value'],['retrieve value'],1,0,0,1,1
how many hurricanes,['filter'],{'count'},"['compute derived value', ' filter', 'compute derived value']",[],[],1,3,3,0,0
what is the name of the largest storm,[],{'retrieve value'},['find extremum'],[],[],0,1,1,0,0
what storm produced the greatest air pressure,['find extremum'],{'retrieve value'},['find extremum'],['find extremum'],['find extremum'],1,1,1,1,1
how many storms are named caroline,['retrieve value'],set(),[],['retrieve value'],['retrieve value'],1,0,0,1,1
what storm produced the least air pressure,['find extremum'],{'retrieve value'},['find extremum'],['find extremum'],['find extremum'],1,1,1,1,1
what storm had the greatest diameter of tropical storm strength winds,['find extremum'],set(),[],['find extremum'],['find extremum'],1,0,0,1,1
what storm had the greatest diameter of hurricane strength winds,['find extremum'],set(),[],['find extremum'],['find extremum'],1,0,0,1,1
"how many storms occur per year, on average",['compute derived value'],set(),[],[],[],1,0,0,0,0
"on average, what is the first date that a tropical cyclone (tropical depression, tropical storm, or hurricane) forms on every year",[],{'retrieve value'},"['compute derived value', ' filter']",[],[],0,2,2,0,0
is there a correlation between wind speed and air pressure,[],{'correlation'},['correlate'],[],[],0,1,1,0,0
is there a correlation between the duration of the storm and wind speed,[],{'correlation'},['correlate'],[],[],0,1,1,0,0
where have all hurricanes been recorded on the globe where are they more common,['characterize distribution'],"{'determine range', 'retrieve value'}","['characterize distribution', ' filter', 'characterize distribution', ' filter']",['characterize distribution'],['characterize distribution'],1,4,4,1,1
what lat/long locations are most likely to experience hurricanes,['characterize distribution'],set(),[],['characterize distribution'],['characterize distribution'],1,0,0,1,1
what are lengths/timings of hurricane seasons in different regions of the world,[],{'determine range'},"['compute derived value', ' compare']",[],[],0,2,2,0,0
what is the average storm length,['compute derived value'],set(),[],['compute derived value'],['compute derived value'],1,0,0,1,1
what is the average time that it takes to go from depression to storm,[],{'calculate duration'},['compute derived value'],[],[],0,1,1,0,0
"what is the relationship, if any, between wind and pressure",[],{'relationship'},['correlate'],[],[],0,1,1,0,0
how does wind change over the course of each hurricane,['trend'],set(),[],['trend'],['trend'],1,0,0,1,1
average tropical storm diameter,['compute derived value'],set(),[],['compute derived value'],['compute derived value'],1,0,0,1,1
what is the relationship between storm day and hu_diameter,['dependency'],set(),[],[],[],1,0,0,0,0
are there any repeat names of storms,[],{'determine range'},['summarize'],[],[],0,1,1,0,0
what month has the strongest hurricanes,['find extremum'],set(),[],['find extremum'],['find extremum'],1,0,0,1,1
how has wind speed changed over time,['trend'],set(),[],[],[],1,0,0,0,0
what is the maximum pressure of a certain hurricane,['find extremum'],{'retrieve value'},"['find extremum', ' summarize', ' filter']",['find extremum'],['find extremum'],1,3,3,1,1
relationship between position and the strength of the hurricane,[],{'correlation'},"['dependency', ' filter']",[],[],0,2,2,0,0
average time for each hurricane status,['compute derived value'],set(),[],['compute derived value'],['compute derived value'],1,0,0,1,1
which hurricane lasted the longest,[],{'determine range'},"['compare', ' filter']",[],[],0,2,2,0,0
can you tell me the sales distribution of type 4046 in 2015,[],{'retrieve value'},"['distribution', ' filter']",[],[],0,2,2,0,0
what are the groups of regions according to three types of avocados sales ratio,['cluster'],set(),[],['cluster'],['cluster'],1,0,0,1,1
"using the three types of avocado's sales ratio, provide the groups of regions",[],{'compute derived value'},['cluster'],[],[],0,1,1,0,0
provide the distribution of the sales in 2015 of type 4046,[],{'characterize distribution'},"['distribution', ' filter']",[],[],0,2,2,0,0
the oldest user was born in what year,[],{'retrieve value'},['find extremum'],[],[],0,1,1,0,0
indicate all the travels taking more than 1000 minutes,[],{'filter'},['characterize distribution'],[],[],0,1,1,0,0
"show me a list of the tripe that take longer than 1,000 minutes",['retrieve value'],set(),[],[],[],1,0,0,0,0
tell me the distribution of travel times between wells st & elm st and lake shore dr & ohio st,['characterize distribution'],set(),[],[],[],1,0,0,0,0
show me the relationship between age and travel time,[],"{'characterize distribution', 'correlation'}","['correlate', 'correlate']",[],[],0,2,2,0,0
do you know of any trip that would take longer than 1000 minutes,[],{'filter'},['characterize distribution'],[],[],0,1,1,0,0
show me a list of neighborhoods with the number of male births from least to most,"['sort', 'retrieve value']",set(),['retrieve value'],['retrieve value'],['retrieve value'],2,1,1,1,1
show me the distribution of births across all districts in 2017,[],{'characterize distribution'},"['distribution', ' filter']",[],[],0,2,2,0,0
let me know if there are groups of neighborhoods with similar birth gender ratios,[],{'cluster'},"['compares', ' culstering']",[],[],0,2,2,0,0
retrieve the neighborhood with more than 100 female births in ciutat vella in 2013,['retrieve value'],set(),[],[],[],1,0,0,0,0
which neighborhood in ciutat vella has more than 100 females born in the year 2013,"['filter', 'retrieve value']",set(),['retrieve value'],['retrieve value'],['retrieve value'],2,1,1,1,1
"barcelona's districts, please list each",['retrieve value'],set(),[],['retrieve value'],['retrieve value'],1,0,0,1,1
what is the distribution of all births in all districts between 2013 and 2017,[],"{'determine range', 'characterize distribution'}","['distribution', ' filter', 'distribution', ' filter']",[],[],0,4,4,0,0
what neighborhood had 56 boys born in 2017,['retrieve value'],set(),[],['retrieve value'],['retrieve value'],1,0,0,1,1
is there a correlation between acceleration and horsepower,[],{'correlation'},['correlate'],[],[],0,1,1,0,0
how many heavy cars are in the dataset,[],"{'filter', 'count'}","['compute derived value', 'compute derived value']",[],[],0,2,2,0,0
are there any american 5 cylinder cars,['filter'],set(),[],['filter'],['filter'],1,0,0,1,1
how does displacement relate to fuel economy for cars from europe v usa,['dependency'],{'correlation'},"['dependency', ' filter']",[],[],1,2,2,0,0
which cylinder cars have the highest fuel economy,[],"{'retrieve value', 'find extremum'}","['dependency', 'dependency']",[],[],0,2,2,0,0
which countries have the most cars in this dataset,[],{'retrieve value'},"['compare', ' find extremum']",[],[],0,2,2,0,0
which countries have the highest acceleration for cars of different cylinders,['compare'],{'find extremum'},['compare'],['compare'],['compare'],1,1,1,1,1
how do the horsepowers of the cars from different regions change with years,[],{'correlate'},['trend'],[],[],0,1,1,0,0
the distribution of the number of cylinders of cars based on different origins,[],{'characterize distribution'},"['distribution', ' compare']",[],[],0,2,2,0,0
what is the correlation between displacement and mpg of cars with different origins,[],{'correlation'},['correlate'],[],[],0,1,1,0,0
count the number of cars based on their origins,[],{'retrieve value'},['compare'],[],[],0,1,1,0,0
what is the correlation between horsepower and acceleration,[],{'correlation'},['correlate'],[],[],0,1,1,0,0
is there a correlation between cars' horsepower and acceleration,[],{'correlation'},['correlate'],[],[],0,1,1,0,0
"how does displacement relate to mpg for individual models, partitioned by country",[],"{'characterize distribution', 'correlation'}","['dependency', 'dependency']",[],[],0,2,2,0,0
"how does weight relate to acceleration for car models, small multiples by origin",[],"{'compute derived value', 'small multiple plots by origin'}","['dependency', 'dependency']",[],[],0,2,2,0,0
how does horsepower relate to acceleration for individual car models,[],{'relationship'},['correlate'],[],[],0,1,1,0,0
"compare the number of models in usa, japan and europe",['compare'],set(),[],[],[],1,0,0,0,0
does higher horsepower mean lower acceleration,[],{'correlation'},['correlate'],[],[],0,1,1,0,0
how many cylinders do cars manufactured in different countries have,[],{'retrieve value'},['compare'],[],[],0,1,1,0,0
compare car cylinder count against acceleration across countries,['compare'],{'correlate'},['compare'],[],[],1,1,1,0,0
how many cars do each country manufacture,[],{'retrieve value'},['characterize distribution'],[],[],0,1,1,0,0
what's the mileage for cars based on the number of cylinders present,[],{'relationship'},['characterize distribution'],[],[],0,1,1,0,0
does higher cylinder count mean mean lower mileage,[],{'correlation'},['correlate'],[],[],0,1,1,0,0
how does mileage relate to cylinder count,[],{'correlation'},['dependency'],[],[],0,1,1,0,0
what is the average mpg for different cylinders,[],{'compute derived value'},['characterize distribution'],[],[],0,1,1,0,0
what is the relation between horsepower and acceleration,[],{'correlation'},['correlate'],[],[],0,1,1,0,0
how weight varies each year,['characterize distribution'],{'determine range'},['characterize distribution'],['characterize distribution'],['characterize distribution'],1,1,1,1,1
how is acceleration related to horsepower,[],{'correlation'},['correlate'],[],[],0,1,1,0,0
how has horsepower changed over time by country,"['trend', 'characterize distribution']",set(),['trend'],['trend'],['trend'],2,1,1,1,1
have cars gotten lighter over time,[],{'compare'},['trend'],[],[],0,1,1,0,0
how many models are proudced by each country,[],"{'count', 'grouping'}","['Characterize Distribution', 'Characterize Distribution']",[],[],0,2,2,0,0
what is the average weight of cars over time,[],{'compute derived value'},['trend'],[],[],0,1,1,0,0
what is the distribution of weight across all cars,[],{'characterize distribution'},['Characterize Distribution'],[],[],0,1,1,0,0
how much do various cars weigh,[],{'retrieve value'},['Characterize Distribution'],[],[],0,1,1,0,0
what is the range of weights for all cars,[],{'determine range'},['Determine Range'],[],[],0,1,1,0,0
where do the cars originate from,[],{'retrieve value'},['Characterize Distribution'],[],[],0,1,1,0,0
how has avg (horsepower) evolved over time | segregate it by the car origin,[],"{'compute derived value', 'time series', 'grouping'}","['trend', ' compare', 'trend', ' compare', 'trend', ' compare']",[],[],0,6,6,0,0
compare avg (acceleration) with cylinders | segregate the cylinders by their origin,['compare'],{'cluster'},['compare'],[],[],1,1,1,0,0
how does avg (weight) evolve over the years,[],{'compute derived value'},['trend'],[],[],0,1,1,0,0
how does the acceleration of cars from different countries vary by the number of cylinders,[],{'correlate'},['compare'],[],[],0,1,1,0,0
how does acceleration vary by weight for cars from different regions,['dependency'],{'correlation'},['dependency'],['dependency'],['dependency'],1,1,1,1,1
what is the average mpg for cars with different cylinders,[],{'compute derived value'},['dependency'],[],[],0,1,1,0,0
how does mpg vary by the number of cylinders in a car,[],"{'trend', 'compare'}","['Characterize Distribution', 'Characterize Distribution']",[],[],0,2,2,0,0
how does acceleration change with horsepower,[],{'correlation'},['correlate'],[],[],0,1,1,0,0
how does acceleration behave compared to horsepower,[],{'correlation'},['correlate'],[],[],0,1,1,0,0
how many cars are from each region,[],{'retrieve value'},['characterize distribution'],[],[],0,1,1,0,0
"how does mpg compare to displacement, broken out by region",['compare'],{'determine range'},['compare'],[],[],1,1,1,0,0
"for each region, how does a car's mpg vary with displacement",[],"{'characterize distribution', 'correlation'}","['compare', 'compare']",[],[],0,2,2,0,0
how has horsepower changed over time in each region,"['Trend', 'Compare']",set(),['trend'],[],[],2,1,1,0,0
what is the breakdown of cars by the number of cylinders in each region,[],{'count distribution'},['characterize distribution'],[],[],0,1,1,0,0
how many cars have various numbers of cylinders in each region,[],"{'count', 'grouping'}","['compute derived value', 'compute derived value']",[],[],0,2,2,0,0
what is the average weight of cars by model year,['characterize distribution'],{'compute derived value'},['characterize distribution'],['characterize distribution'],['characterize distribution'],1,1,1,1,1
how has the average weight of cars changed over the years,['trend'],{'compute derived value'},['trend'],['trend'],['trend'],1,1,1,1,1
how can the population of ashley be illustrated to show distribution across five years,[],{'characterize distribution'},"['distribution', ' filter']",[],[],0,2,2,0,0
"how likely is it that, if i was born in 2000, i was born in a county with no less than 20,000 people",['filter'],{'count'},"['dependency', ' filter', 'dependency']",[],[],1,3,3,0,0
give me the average population rating for ashley in the year 2000,[],"{'retrieve value', 'filter'}","['summarize', 'summarize']",[],[],0,2,2,0,0
identify the county that has the least population each year,['find extremum'],set(),[],['find extremum'],['find extremum'],1,0,0,1,1
what is the average population in 2000,[],{'compute derived value'},['summarize'],[],[],0,1,1,0,0
is there a regional concentration trend in gdp development,[],{'trend'},['Trend'],[],[],0,1,1,0,0
how are gdp and mteu correlated,[],{'correlation'},['correlate'],[],[],0,1,1,0,0
is there an outlier within the value distribution of albinism that causes the result to be skewed,[],"{'determine range', 'characterize distribution'}","['Find Anomalies', 'Find Anomalies']",[],[],0,2,2,0,0
"find all the types of genetic diseases with greater than 1,000 patients",[],{'filter'},['retrieve value'],[],[],0,1,1,0,0
tell me the maximum and minimum number of patients with autism across all regions,[],"{'retrieve value', 'find extremum'}","[' Find Extremum', ' Find Extremum']",[],[],0,2,2,0,0
what is the spatial and temporal correlation of albinism,[],"{'determine range', 'correlation', 'characterize distribution'}","['correlate', 'correlate', 'correlate']",[],[],0,3,3,0,0
does this data represent outliers in the number of patients,[],{'determine range'},['find anomalies'],[],[],0,1,1,0,0
take out the regions with a number of patients larger than 500,['filter'],set(),['compute derived value'],[],[],1,1,1,0,0
"looking at the number of people in all regions with a visual impairment, what is the median",[],{'calculate statistic'},['characterize distribution'],[],[],0,1,1,0,0
does the value distribution of albinism look skewed,['characterize distribution'],set(),[],['characterize distribution'],['characterize distribution'],1,0,0,1,1
is there an obvious clustering,['cluster'],set(),[],[],[],1,0,0,0,0
kindly rate the regions on the basis of the number of patients,['summarize'],set(),['sort'],[],[],1,1,1,0,0
give me the movie that received the most nominations,[],{'aggregation'},['find extremum'],[],[],0,1,1,0,0
"out of the winners for best performance by an actor in a motion picture- musical or comedy from 2003 to 2020, the most abnormal age belongs to which actor",[],{'find anomaly'},[''],[],[],0,1,1,0,0
can you organize the results of the table by sorting the list according to the age of the stars,['sort'],set(),[],[],[],1,0,0,0,0
can you list all the results in the table about the movie ' about  ',[],"{'summarize', 'retrieve value'}","['filter', 'filter']",[],[],0,2,2,0,0
what was the gender of all actors among all the final winners in the 60th ceremony,[],{'retrieve value'},"['characterize distribution', ' filter']",[],[],0,2,2,0,0
tell me who won the best performance by an actor in a motion picture- drama award at the 60th ceremony,['retrieve value'],set(),[],['retrieve value'],['retrieve value'],1,0,0,1,1
can you list all the results in the table about the movie ' about schmidt ',[],"{'summarize', 'retrieve value'}","['filter', 'filter']",[],[],0,2,2,0,0
i would like to review the dispersement of the amount of nominations,['characterize distribution'],{'determine range'},['characterize distribution'],['characterize distribution'],['characterize distribution'],1,1,1,1,1
"in the 60th ceremony, the award for best performance by an actor in a motion picture was won by whom",['retrieve value'],set(),[],['retrieve value'],['retrieve value'],1,0,0,1,1
which actor was nominated for the most awards,[],{'determine range'},['retrieve value'],[],[],0,1,1,0,0
can the actors nationality impact the outcome,[],{'determine range'},['dependency'],[],[],0,1,1,0,0
what was the number of candidates that were nominated for best performance by an actor in a motion picture-drama at he 60th ceremony,[],{'count'},"['retrieve value', ' filter']",[],[],0,2,2,0,0
what is the total number of movies released in the year 1998,[],{'retrieve value'},"['summarize', ' filter']",[],[],0,2,2,0,0
can you tell me what movie won best original score in a motion picture in 1997,['retrieve value'],set(),[],[],[],1,0,0,0,0
what is the correlation between the nomination and the age of a star,['correlate'],{'retrieve value'},['correlate'],[],[],1,1,1,0,0
tell me the distribution for the book ratings,['distribution'],set(),[],[],[],1,0,0,0,0
can you rearrange the table by book rating in descending order,['sort'],set(),[],[],[],1,0,0,0,0
what books have low ratings that seem suspect,['filter'],set(),[],['filter'],['filter'],1,0,0,1,1
tell me the book ratings distribution,['characterize distribution'],set(),[],[],[],1,0,0,0,0
which author has worked with dark horse comics most frequently,['filter'],set(),['find extremum'],[],[],1,1,1,0,0
please go and get all of the books written in english,[],{'retrieve value'},['filter'],[],[],0,1,1,0,0
are there outliers in the book ratings,[],"{'determine range', 'characterize distribution'}","['Find Anomalies', 'Find Anomalies']",[],[],0,2,2,0,0
"of fiction books, which are written in english",['retrieve value'],set(),[],['retrieve value'],['retrieve value'],1,0,0,1,1
how many books have been released by dark horse comics,[],{'retrieve value'},['filter'],[],[],0,1,1,0,0
what is the most expensive book and who published it,['Find Extremum'],{'Retrieve Value'},['find extremum'],['find extremum'],['find extremum'],1,1,1,1,1
show a list of similarly rated books,[],{'find similarities'},['similarity'],[],[],0,1,1,0,0
produce a list of book titles published during the current year,['retrieve value'],set(),[],['retrieve value'],['retrieve value'],1,0,0,1,1
dark horse comic has how many books,['retrieve value'],set(),[],[],[],1,0,0,0,0
what is the total number of categories,[],{'aggregation'},['summarize'],[],[],0,1,1,0,0
what's the size of ' kids paint free- drawing fun ',['retrieve value'],set(),[],['retrieve value'],['retrieve value'],1,0,0,1,1
does a app exist that is much different than the others,[],"{'determine range', 'cluster'}","['Find Anomalies', 'Find Anomalies']",[],[],0,2,2,0,0
what is the total amount of genres,[],{'determine range'},['summarize'],[],[],0,1,1,0,0
what is the title of the biggest app,[],{'retrieve value'},['find extremum'],[],[],0,1,1,0,0
what apps have a perfect rating and a lot of reviews,['filter'],{'determine range'},['filter'],['filter'],['filter'],1,1,1,1,1
see if you can locate the most recent gaming app,[],"{'retrieve value', 'sort'}","['find extremum', ' filter', 'find extremum', ' filter']",[],[],0,4,4,0,0
tell me free or paid apps have a higher mean rating,[],{'compute derived value'},['filter'],[],[],0,1,1,0,0
which genres are included in the dataset,[],{'retrieve value'},['summarize'],[],[],0,1,1,0,0
which apps have support for versions of android lower than 40,['filter'],set(),['retrieve value'],[],[],1,1,1,0,0
describe shape of the distribution for the number of installations,['characterize distribution'],{'determine range'},['characterize distribution'],[],[],1,1,1,0,0
show me the app that costs the most,['retrieve value'],set(),['find extremum'],[],[],1,1,1,0,0
is there a relationship between the android version of an app and its installations,[],{'correlation'},['dependency'],[],[],0,1,1,0,0
show me the most recent version of androids ' discover color ',[],{'retrieve value'},['find extremum'],[],[],0,1,1,0,0
"when taking different android versions into account, does that have any impact on installation",[],set(),[],[],[],0,0,0,0,0
give me a list of all the free business apps that have received rating that were higher than a 45,['retrieve value'],set(),[],['retrieve value'],['retrieve value'],1,0,0,1,1
can you tell me the attribute 'rating ' be affected 'installation,[],set(),[],[],[],0,0,0,0,0
what's the price distribution in beauty apps,[],{'compute derived value'},"['characterize distribution', ' filter']",[],[],0,2,2,0,0
"which app has a rating that doesn 't follow a trend between installations, rating and number of reviews",[],"{'determine range', 'correlate', 'characterize distribution'}","['find anomalies', 'find anomalies', 'find anomalies']",[],[],0,3,3,0,0
what is the app with the most abnormal pattern,['find anomalies'],set(),[],['find anomalies'],['find anomalies'],1,0,0,1,1
are there an unusually high number of reviews for any of the apps,[],{'determine range'},['find anomalies'],[],[],0,1,1,0,0
what is the distribution of the number based on shape of installations,['characterize distribution'],{'determine range'},['characterize distribution'],[],[],1,1,1,0,0
is there an effect on price caused by the app's genre,[],{'correlation'},['dependency'],[],[],0,1,1,0,0
is there a correlation between apps with more installations and higher ratings,[],{'correlation'},['correlate'],[],[],0,1,1,0,0
"tell me the most pricey apps by release date, recent to oldest",['sort'],{'retrieve value'},['sort'],['sort'],['sort'],1,1,1,1,1
find out any app that is distinctive from the rest,[],"{'determine range', 'characterize distribution'}","['find anomalies', 'find anomalies']",[],[],0,2,2,0,0
list the top 10 gaming apps sorted from highest to lowest installations,['sort'],{'retrieve value'},"['sort', ' filter']",[],[],1,2,2,0,0
can you tell me the price distribution of all the beauty apps,[],{'retrieve value'},"['characterize distribution', ' filter']",[],[],0,2,2,0,0
name any apps that can support any version of android lower than 40,['retrieve value'],set(),[],['retrieve value'],['retrieve value'],1,0,0,1,1
what differences are there among the students who acquired more than 270 points between 2010-2019,['filter'],{'characterize distribution'},"['compare', 'compare', ' filter']",[],[],1,3,3,0,0
tell me all of the categories of grade types,[],{'retrieve value'},['summarize'],[],[],0,1,1,0,0
use the midterm exam and final exam as the 2nd and 1st keywords respectively in order to assign a rank to every one of the students,['sort'],set(),[],[],[],1,0,0,0,0
what did the majority of students receive as a grade,[],{'determine range'},['characterize distribution'],[],[],0,1,1,0,0
use the final exam as the first keyword and midterm exam as the second keyword to rank all the students,['sort'],set(),[],[],[],1,0,0,0,0
"show me the scope, among all the students, of the cw2 score",[],{'retrieve value'},['characterize distribution'],[],[],0,1,1,0,0
"in cw1, how many students achieved the feat of 100%, or full marks",[],{'retrieve value'},['filter'],[],[],0,1,1,0,0
rank the grades from highest to lowest according to the average score,['sort'],set(),[],['sort'],['sort'],1,0,0,1,1
can you tell me the median score of the cw1 class,['compute derived value'],{'retrieve value'},['compute derived value '],[],[],1,1,1,0,0
do you know the median score of all students in cw1,[],{'retrieve value'},['compute derived value '],[],[],0,1,1,0,0
how many students received an a,[],set(),[],[],[],0,0,0,0,0
select all cw1 scores not less than 80%,['filter'],set(),[],[],[],1,0,0,0,0
arrange the students by grade and furnish me with a list,['sort'],set(),[],[],[],1,0,0,0,0
what is the distribution of the total points of the students,['characterize distribution'],set(),[],[],[],1,0,0,0,0
was the same midterm exam given to velma paul and glynis caine,[],{'filter'},['retrieve value'],[],[],0,1,1,0,0
what is the relationship between level of education and crime rate,[],{'correlation'},['dependency'],[],[],0,1,1,0,0
are there any visible trends in violent crime rates over the time period,['trend'],{'determine range'},['trend'],[],[],1,1,1,0,0
what is the most frequent place of violent crime,[],set(),[],[],[],0,0,0,0,0
are there any correlations between crime types and geographic location,[],{'correlation'},['correlate'],[],[],0,1,1,0,0
what is the distribution for non-violent crimes based on age,['characterize distribution'],{'determine range'},['characterize distribution'],[],[],1,1,1,0,0
are there any correlations in violent or non-violent crimes based on congressional district and year,[],"{'retrieve value', 'characterize distribution'}","['correlate', 'correlate']",[],[],0,2,2,0,0
what city has the highest crime rate,[],{'retrieval'},['compare'],[],[],0,1,1,0,0
what’s the frequency of gun violence incidents with multiple victims,['distribution'],{'correlation'},['characterize distribution'],[],[],1,1,1,0,0
how many gun violence incidents are there each year,[],{'aggregate'},['characterize distribution'],[],[],0,1,1,0,0
are there any significant correlations between any 2 variables in the dataset,[],{'correlation'},['correlate'],[],[],0,1,1,0,0
how many incidents of gun violence result in death (ie what proportion are fatal vs non-fatal),[],{'retrieve value'},['summarize'],[],[],0,1,1,0,0
what鈥檚 the frequency of gun violence incidents with multiple victims,['distribution'],{'correlation'},['characterize distribution'],[],[],1,1,1,0,0
are males or females more likely to die of gun violence,[],"{'relationship', 'comparision'}","['compare', 'compare']",[],[],0,2,2,0,0
how have homicide rates increased over time,['trend'],{'time series'},"['trend', ' filter']",['trend'],['trend'],1,2,2,1,1
what type of gun violence has seen the most growth over the years,[],{'correlation'},"['compare', ' trend']",[],[],0,2,2,0,0
are most gun death because of suicide,[],{'distribution'},"['compare', ' filter']",[],[],0,2,2,0,0
did most gun violence happen inside home,[],"{'determine range', 'characterize distribution'}","['compare', ' filter', 'compare', ' filter']",[],[],0,4,4,0,0
what is the correlation between education levels and suicide rates,[],{'correlation'},"['correlate', ' filter']",[],[],0,2,2,0,0
which state/year has the most gun deaths,[],{'find extremum'},['compare'],[],[],0,1,1,0,0
"according to population, what is the rank of each of region",['sort'],set(),[],[],[],1,0,0,0,0
what is the number of hospitals located in manyara,['retrieve value'],set(),[],['retrieve value'],['retrieve value'],1,0,0,1,1
which 10 regions have the most health centers,['find extremum'],"{'retrieve value', 'sort'}","['find extremum', 'find extremum']",['find extremum'],['find extremum'],1,2,2,1,1
look up regions that names start with the letter a,[],{'retrieve value'},['filter'],[],[],0,1,1,0,0
make a list of the number of total hfs in descending order,[],{'retrieve value'},['sort'],[],[],0,1,1,0,0
what is the average count of hospitals,[],{'compute derived value'},['characterize distribution'],[],[],0,1,1,0,0
what is the number of clinics that are in mara,[],{'retrieve value'},"['Filter', ' filter']",[],[],0,2,2,0,0
what's the distribution of the entire hfs,['characterize distribution'],set(),[],[],[],1,0,0,0,0
which region has the lowest population ratio of hf,['find extremum'],{'retrieve value'},['find extremum'],['find extremum'],['find extremum'],1,1,1,1,1
enter the regions from this table,[],set(),[],[],[],0,0,0,0,0
look for the region that has the most people living in it,['find extremum'],{'retrieve value'},['find extremum'],['find extremum'],['find extremum'],1,1,1,1,1
remove any regions with a population ratio of hf lower than 15,[],set(),[],[],[],0,0,0,0,0
the population range needs to be discovered,['range'],{'discover'},['determine range'],[],[],1,1,1,0,0
do any regions have their population ratio over 20 hf,[],{'determine range'},['filter'],[],[],0,1,1,0,0
"when the score difference is more than 5, please list the extreme matches to this",['filter'],set(),[],[],[],1,0,0,0,0
please indicate the friendly tournament matches in which the home team beat the away team,['filter'],{'determine range'},['filter'],['filter'],['filter'],1,1,1,1,1
tell me all the tournament matches that the home team won against the away team,['filter'],set(),[],['filter'],['filter'],1,0,0,1,1
which group of nations won the most games,[],{'summarize'},['compare'],[],[],0,1,1,0,0
"based on the number of matches, can you tell me what the distribution of cities is",['characterize distribution'],set(),[],[],[],1,0,0,0,0
what group of nations of have the most games,['find extremum'],{'grouping'},['find extremum'],['find extremum'],['find extremum'],1,1,1,1,1
what countries have won a similar number of games,['cluster'],set(),[],['cluster'],['cluster'],1,0,0,1,1
what is the propensity of the number of vehicles in japan and korea from the year 2000 to 2010,[],{'compare'},[''],[],[],0,1,1,0,0
does life expectancy have any relation with the percentage of smokers,[],{'correlate'},['dependency'],[],[],0,1,1,0,0
is the male to female ratio more imbalanced in the last decade in russia,[],"{'compare', 'trend'}","['', '']",[],[],0,2,2,0,0
is the speed of economic development relative to the population of each country,[],"{'compute derived value', 'compare'}","['', '']",[],[],0,2,2,0,0
show me the gdp ranking of european countries,[],{'ranking'},[''],[],[],0,1,1,0,0
"to cluster the states in the us, i wish to use middle income",['cluster'],set(),[],[],[],1,0,0,0,0
do all the countries in africa have a lower average pci than all the countries in europe,[],{'compare'},[''],[],[],0,1,1,0,0
could you tell me the continental location of the poorest ( lowest income ) country,['retrieve value'],set(),[],['retrieve value'],['retrieve value'],1,0,0,1,1
"when looking at the average income in european countries, what is the variance",[],"{'retrieve value', 'compute derived value'}","['characterize distribution', 'characterize distribution']",[],[],0,2,2,0,0
what are the minimum and maximum populations of the chinese provinces,['find extremum'],{'filter'},['find extremum '],[],[],1,1,1,0,0
what is the average height of the floors of these buildings,[],{'compute derived value'},['characterize distribution'],[],[],0,1,1,0,0
compare the number of tall buildings in hong kong with taiwan,[],{'comparison'},"['compare', ' filter']",[],[],0,2,2,0,0
compare the number of tall buildings in hong kong with taiwan,[],{'comparison'},"['compare', ' filter']",[],[],0,2,2,0,0
what location has the highest number of tall buildings,[],"{'determine range', 'filter'}","['find extremum ', 'find extremum ']",[],[],0,2,2,0,0
"provide the total sum of all the separated, divorced, and widowed people in lindi",[],set(),[],[],[],0,0,0,0,0
does simiyu have a similar structure of peope as that of katavi,[],{'compare'},"['similarity', ' filter']",[],[],0,2,2,0,0
can you tell me how mara attributes are distributed,[],{'retrieve value'},"['distribution', ' filter']",[],[],0,2,2,0,0
is the total attribute of one area equal to the sum of the other attributes in any area,[],{'determine range'},['compare'],[],[],0,1,1,0,0
relationship between imdb rating and rotten tomatoes rating,[],{'correlation'},['correlate'],[],[],0,1,1,0,0
what's the production budget for movies in different years,[],{'retrieve value'},['characterize distribution'],[],[],0,1,1,0,0
movie gross and budget relationship based on genre,['dependency'],{'correlation'},['dependency'],['dependency'],['dependency'],1,1,1,1,1
show me imdb rating versus rotten tomatoes rating,['correlate'],set(),[],[],[],1,0,0,0,0
what creative type of movie had the highest production budget for each content rating,[],"{'filter', 'find extremum'}","['characterize distribution', 'characterize distribution']",[],[],0,2,2,0,0
what is the relationship between production budget and worldwide gross for each major genre,[],{'relationship'},['dependency'],[],[],0,1,1,0,0
what is the relationship between release year and average production budget,[],"{'compute derived value', 'correlation analysis'}","['dependency', 'dependency']",[],[],0,2,2,0,0
what major genre had the highest average worldwide gross,[],{'compute derived value'},['find extremum'],[],[],0,1,1,0,0
what major genre had the lowest average worldwide gross,[],{'compute derived value'},['find extremum'],[],[],0,1,1,0,0
how much did average worldwide gross vary by major genre,[],{'compute derived value'},['find extremum'],[],[],0,1,1,0,0
how many movies are there are of each creative type,[],"{'count', 'grouping'}","['characterize distribution', 'characterize distribution']",[],[],0,2,2,0,0
which creative type had the most movies,[],{'retrieve value'},['characterize distribution'],[],[],0,1,1,0,0
which creative type had the fewest movies,[],{'retrieve value'},['characterize distribution'],[],[],0,1,1,0,0
what is the total worldwide gross for each major genre across time,['summarize'],"{'group by', 'dependency'}","['summarize', 'summarize']",['summarize'],['summarize'],1,2,2,1,1
is there a relationship between production budget and worldwide gross for each content rating,[],{'relationship'},['correlate'],[],[],0,1,1,0,0
what is the distribution of running times for each movie,['characterize distribution'],set(),[],[],[],1,0,0,0,0
is there a relationship between imdb rating and rotten tomatoes rating,[],{'correlation'},['correlate'],[],[],0,1,1,0,0
movie run time distribution,['characterize distribution'],set(),[],[],[],1,0,0,0,0
how production budget changes over release years,['trend'],set(),[],['trend'],['trend'],1,0,0,1,1
what was the average production budget of movies by year,[],"{'compute derived value', 'grouping'}","['trend', 'trend']",[],[],0,2,2,0,0
"what's the average production budget of the different rated movies, separated by creative type",[],"{'compute derived value', 'grouping'}","['compare', 'compare']",[],[],0,2,2,0,0
which genre movie makes most worldwide gross,[],{'retrieve value'},['find extremum'],[],[],0,1,1,0,0
are imdb rating and rotten tomatoes rating related,[],{'correlation'},['correlate'],[],[],0,1,1,0,0
what is the worldwide gross distribution per genre,['characterize distribution'],set(),[],[],[],1,0,0,0,0
what's the breakdown of production budget by creative type per content rating,[],"{'retrieve value', 'grouping'}","['compare', 'compare']",[],[],0,2,2,0,0
how does rotten tomatoes rating change as imdb rating,[],{'correlation'},['correlate'],[],[],0,1,1,0,0
what is the total worldwide gross earned by each major genre and content rating,[],{'aggregation'},['compare'],[],[],0,1,1,0,0
"for each genre and rating, what is the total world-wide gross earnings",[],"{'summarize', 'group by'}","['compare', 'compare']",[],[],0,2,2,0,0
how much did each type of movie earn in across the whole world,[],"{'summarize', 'compute derived value'}","['compare', 'compare']",[],[],0,2,2,0,0
how much money did movies of each genre and rating make,[],{'retrieve value'},['compare'],[],[],0,1,1,0,0
"what was the average budget for each content rating and creative type, as multiple column charts",[],"{'relationship', 'aggregation', 'categorization'}","['compare', 'compare', 'compare']",[],[],0,3,3,0,0
what is the average production budget in each year,[],{'compute derived value'},['characterize distribution'],[],[],0,1,1,0,0
compare imdb rating to rotten tomatoes rating,['compare'],set(),[],[],[],1,0,0,0,0
which creative types have the most movies,[],{'retrieve value'},['characterize distribution'],[],[],0,1,1,0,0
"on average, how much was earned by movies of each genre",[],"{'compute derived value', 'grouping'}","['compare', ' characterize distribution', 'compare', ' characterize distribution']",[],[],0,4,4,0,0
how many movies are of each length,[],"{'histogram', 'bar chart'}","['characterize distribution', 'characterize distribution']",[],[],0,2,2,0,0
help me see outliers in imdb and rotten tomatoes ratings,[],{'identify outlier'},['find anomalies'],[],[],0,1,1,0,0
what was the average worldwide gross of movies by genre,[],{'aggregate'},['characterize distribution'],[],[],0,1,1,0,0
how much did major genres gross in total,[],{'summarize'},['compare'],[],[],0,1,1,0,0
gross across genres regarding content rating,[],"{'summarize', 'group by'}","['compare', 'compare']",[],[],0,2,2,0,0
what's the distribution of running times by movie,['characterize distribution'],set(),[],[],[],1,0,0,0,0
how many movies are there in 20 minute bins of running time,[],{'retrieve value'},['characterize distribution'],[],[],0,1,1,0,0
how many movies are there for each creative type,[],"{'count', 'grouping'}","['characterize distribution', 'characterize distribution']",[],[],0,2,2,0,0
show me the variation in the amount ordered by different entities in different orders,[],"{'determine range', 'characterize distribution'}","['', '']",[],[],0,2,2,0,0
worldwide gross for each genre for each year 1995 to now,['compare'],"{'summarize', 'dependency'}","['filter', ' compare', 'filter', 'filter', ' compare']",[],[],1,5,5,0,0
"cumulative gross for each content rating, by major genre",[],"{'compute derived value', 'grouping'}","['compare', 'compare']",[],[],0,2,2,0,0
relation between worldwide gross and production budget for each major genre,[],"{'retrieve value', 'group by', 'correlation'}","['dependency', 'dependency', 'dependency']",[],[],0,3,3,0,0
which position has the highest average of playing time,[],{'compute derived value'},['find extremum'],[],[],0,1,1,0,0
name movies released in 2017,[],{'retrieve value'},['filter'],[],[],0,1,1,0,0
is the normal distribuition satisfied by the length of the movies,['characterize distribution'],{'determine range'},['characterize distribution'],['characterize distribution'],['characterize distribution'],1,1,1,1,1
sort the movies by length,['sort'],set(),[],[],[],1,0,0,0,0
how long is the run time of average r-rated movies,[],{'compute derived value'},"['characterize distribution', ' filter']",[],[],0,2,2,0,0
give me the numbers of movies that were released in 2017,[],{'retrieve value'},"['compute derived value', ' filter']",[],[],0,2,2,0,0
is there an average run time for movies,[],{'compute derived value'},['characterize distribution'],[],[],0,1,1,0,0
is the running time of movies recently longer than it used to be,[],{'determine range'},['trend'],[],[],0,1,1,0,0
do movie tags and duration have a connection,[],{'correlation'},['dependency'],[],[],0,1,1,0,0
determine if the running time of movies has increased in recent years,['trend'],{'compute derived value'},['trend'],['trend'],['trend'],1,1,1,1,1
show me the dates that netflix released movies,[],{'retrieve value'},"['characterize distribution', ' filter']",[],[],0,2,2,0,0
does any movies not have a description,[],set(),[],[],[],0,0,0,0,0
at what point was data added to the table for netflix,['retrieve value'],set(),[],[],[],1,0,0,0,0
"what is the percentage of the white population in blount county, alabama",[],{'retrieve value'},"['compute derived value', ' compare', ' filter']",[],[],0,3,3,0,0
"what percentage of the blount county, alabama population is white",[],{'retrieve value'},"['compute derived value', ' compare', ' filter']",[],[],0,3,3,0,0
sort all the counties in connecticut by the percentages of the hispanic population,['sort'],{'characterize distribution'},['sort'],['sort'],['sort'],1,1,1,1,1
tell me which county has the greatest number of female residents,[],{'retrieve value'},['find extremum'],[],[],0,1,1,0,0
calculate the average black population for each state,['compute derived value'],set(),[],[],[],1,0,0,0,0
i want to see the distribution of the school rankings in geita in 2006,['characterize distribution'],set(),[],['characterize distribution'],['characterize distribution'],1,0,0,1,1
do the pass rate and the ownership of schools have any correlation,[],{'correlation'},['correlate'],[],[],0,1,1,0,0
create a list of schools showing the descending order by change_p,['sort'],set(),[],['sort'],['sort'],1,0,0,1,1
can you provide a list of school names in geita,['retrieve value'],set(),[],['retrieve value'],['retrieve value'],1,0,0,1,1
determine if there are any schools in neighboring regions that have similar avg_m,[],"{'compare', 'characterize distribution'}","['similarity', 'similarity']",[],[],0,2,2,0,0
list the values of kwema modern pr school's change_p in all the years,['retrieve value'],{'filter'},['retrieve value'],['retrieve value'],['retrieve value'],1,1,1,1,1
what schools have similar avg_m in the neighboring region,[],"{'compare', 'characterize distribution'}","['similarity', 'similarity']",[],[],0,2,2,0,0
which of these school have a pass rate of over 90,['filter'],set(),['compare'],[],[],1,1,1,0,0
they want to know what tactic is most effective during football,['compare'],"{'retrieve value', 'summarize data'}","['compare', 'compare']",['compare'],['compare'],1,2,2,1,1
were you aware of the most recent news,[],{'find extremum'},[''],[],[],0,1,1,0,0
the clubs should be arranged by their shooting attempts,[],{'sort'},['compare'],[],[],0,1,1,0,0
what was the total amount of goals scored in the game that liverpool played in,[],{'summarize'},['compute derived value'],[],[],0,1,1,0,0
the games are sorted by experts by their date,['sort'],set(),[],['sort'],['sort'],1,0,0,1,1
rank these clubs by their shooting attempts,[],{'sort'},['rank'],[],[],0,1,1,0,0
are the students who are younger more likely to use wechat,[],"{'determine range', 'characterize distribution'}","['correlate', ' filter', 'correlate', ' filter']",[],[],0,4,4,0,0
can lower study times among students cause greater failure rates in class,[],{'correlation'},['correlate'],[],[],0,1,1,0,0
can you name an unusual reason for choosing this school,['characterize distribution'],set(),[],['characterize distribution'],['characterize distribution'],1,0,0,1,1
could you show me the list sorted by study time ( longest to shortest ),['sort'],set(),[],[],[],1,0,0,0,0
find the distribution by age,['characterize distribution'],set(),[],[],[],1,0,0,0,0
can you tell me which students have fathers that are teachers,[],{'retrieve value'},['filter'],[],[],0,1,1,0,0
retrieve the students with fathers who work as teachers,[],{'retrieve value'},['filter'],[],[],0,1,1,0,0
tell me the youngest students in the dataset,['find extremum'],set(),[],['find extremum'],['find extremum'],1,0,0,1,1
tell me the types of jobs the student's mothers have,[],{'retrieve value'},['characterize distribution'],[],[],0,1,1,0,0
i 'm wondering would the travel time decrease for students if they spent more time studying,[],{'correlation'},['correlate'],[],[],0,1,1,0,0
would more time spent on studying reduce travel time for students,[],{'correlation'},['correlate'],[],[],0,1,1,0,0
do countries with high populations wish to slow down population growth,[],set(),[],[],[],0,0,0,0,0
can you tell me the state which may have the largest average population in the next year,[],{'forecasting'},['compare'],[],[],0,1,1,0,0
can you see any abnormalities in the suicide rates,[],"{'determine range', 'characterize distribution'}","['find anomalies', 'find anomalies']",[],[],0,2,2,0,0
name the country with the lowest suicide rate,[],{'retrieve value'},['find extremum'],[],[],0,1,1,0,0
do you know the average number of suicides in europe,[],set(),[],[],[],0,0,0,0,0
are there any countries with anomalously low suicides rates,['find anomalies'],"{'determine range', 'characterize distribution'}","['find anomalies', 'find anomalies']",['find anomalies'],['find anomalies'],1,2,2,1,1
is there similarities between gdp per capita and suicide rates,[],"{'compare', 'characterize distribution', 'find anomalies'}","['similarity', 'similarity', 'similarity']",[],[],0,3,3,0,0
were there any countries with abnormally low suicide rates,['find anomalies'],"{'determine range', 'characterize distribution'}","['find anomalies', 'find anomalies']",['find anomalies'],['find anomalies'],1,2,2,1,1
"with the suicide larger than 100, determine the ages in albania",[],{'filter'},['characterize distribution'],[],[],0,1,1,0,0
the country with the lowest suicide rate is,[],{'retrieve value'},['find extremum'],[],[],0,1,1,0,0
what is the distribution rate of suicide,['characterize distribution'],set(),[],['characterize distribution'],['characterize distribution'],1,0,0,1,1
what is the total number of all suicides in 1999,[],{'summarize'},"['characterize distribution', ' filter']",[],[],0,2,2,0,0
would there be any clustering of countries in terms of suicide rates,[],"{'retrieve value', 'characterize distribution', 'group by dimension reduction'}","['clustering', 'clustering', 'clustering']",[],[],0,3,3,0,0
create a list showing the ages of people who committed suicide in albania,['retrieve value'],set(),[],['retrieve value'],['retrieve value'],1,0,0,1,1
"for the gdp of china, has it gone up or down over the last decade",['trend'],set(),[],[],[],1,0,0,0,0
"of all countries, how is the gdp distribution",['characterize distribution'],set(),[],[],[],1,0,0,0,0
has there been an increase or decrease in the gdp of china over the last 10 years,['trend'],set(),[],['trend'],['trend'],1,0,0,1,1
how much is the average of profit of each state,[],{'compute derived value'},['compare'],[],[],0,1,1,0,0
how do the company earn in each state,[],"{'summarize', 'retrieve value'}","['compare', 'compare']",[],[],0,2,2,0,0
what were the total sales for each date in each category,[],"{'summarize', 'group by'}","['compare', 'compare']",[],[],0,2,2,0,0
how much was sold each day for each category,[],{'aggregation'},['compare'],[],[],0,1,1,0,0
what is the average profit for each state,[],{'compute derived value'},['compare'],[],[],0,1,1,0,0
what is the relationship between profit and sales,[],{'relationship'},['dependency'],[],[],0,1,1,0,0
what is the average profit of each ship mode divided by segment,[],{'compute derived value'},['compare'],[],[],0,1,1,0,0
what is the sales forecast for each date,[],{'retrieve value'},['compare'],[],[],0,1,1,0,0
how many orders were placed for each order quantity,[],"{'determine range', 'count'}","['characterize distribution', 'characterize distribution']",[],[],0,2,2,0,0
what is the relationship between sales and profit for each region,[],"{'characterize distribution', 'correlation'}","['dependency', 'dependency']",[],[],0,2,2,0,0
how many orders were placed for each sub-category,[],"{'group by', 'count'}","['characterize distribution', 'characterize distribution']",[],[],0,2,2,0,0
"what is the total profit for each region, based on ship status",[],"{'summarize', 'group by'}","['compare', 'compare']",[],[],0,2,2,0,0
what is the sales trend of the different product categories,['trend'],set(),[],[],[],1,0,0,0,0
how many products have 3 or more quantity ordered,[],{'count'},['compare'],[],[],0,1,1,0,0
how many products are ordered in single quantity,[],{'count'},['compare'],[],[],0,1,1,0,0
density of sales across regions and their profitability,[],"{'determine range', 'characterize distribution'}","['compare', 'compare']",[],[],0,2,2,0,0
what are the profits across different states,[],{'retrieve value'},['compare'],[],[],0,1,1,0,0
what product category has more orders placed,[],{'count'},['compare'],[],[],0,1,1,0,0
sales forecast between jan 2016 and july 2017,['retrieve value'],set(),[],['retrieve value'],['retrieve value'],1,0,0,1,1
i want to know how many orders there are by the quantity of the order,[],"{'retrieve value', 'count'}","['compute derived value', 'compute derived value']",[],[],0,2,2,0,0
what is our profit based on shipping mode by customer segment,[],{'summarize'},['compare'],[],[],0,1,1,0,0
what is the sales vs profit ratio of the four regions,[],{'compute derived value'},['compare'],[],[],0,1,1,0,0
what is the average profit of each state,[],{'compute derived value'},['compare'],[],[],0,1,1,0,0
what is the sales vs profit ratio of all the zones,[],{'compute derived value'},['compare'],[],[],0,1,1,0,0
what is the average profit of different segments on the ship modes of transport,[],{'compute derived value'},['compare'],[],[],0,1,1,0,0
how much is the profit for sales for each,[],"{'summarize', 'compute derived value'}","['compare', 'compare']",[],[],0,2,2,0,0
what is the correlation between sales and profit by region,[],{'correlation'},"['correlate', ' compare']",[],[],0,2,2,0,0
can you create a graph showing sales and profit by region,['compare'],{'summarize'},['compare'],['compare'],['compare'],1,1,1,1,1
"from all of the universities in london, list the one who has the most faculties",[],{'retrieve value'},['filter'],[],[],0,1,1,0,0
show me a university that has more than 30 faculties and more than 50 teachers,['filter'],{'retrieve value'},['filter'],['filter'],['filter'],1,1,1,1,1
universities with similar number of teachers,[],{'cluster'},['similarity'],[],[],0,1,1,0,0
"from all of the universities in london, list the one who has the most faculties",[],{'retrieve value'},['filter'],[],[],0,1,1,0,0
the universities cover which locations,[],{'retrieve value'},['characterize distribution'],[],[],0,1,1,0,0
what is the teacher distribution of new york universities,[],{'retrieve value'},"['characterize distribution', ' filter']",[],[],0,2,2,0,0
would teachers in harvard be considered outliers if the university was in new york,[],"{'determine range', 'characterize distribution'}","['find anomalies', ' filter', 'find anomalies', ' filter']",[],[],0,4,4,0,0
what is the number of divisions in harvard university,[],{'retrieve value'},['filter'],[],[],0,1,1,0,0
which movie is the highest-grossing,['find extremum'],{'retrieve value'},['find extremum'],['find extremum'],['find extremum'],1,1,1,1,1
do you feel that midfield players have a lower market value than front court players,[],{'relationship'},"['compare', ' filter']",[],[],0,2,2,0,0
can you tell me if there is a correlation between revenue and the release year,[],{'correlation'},['correlate'],[],[],0,1,1,0,0
is there a typical film lengths group,[],{'cluster'},[''],[],[],0,1,1,0,0
in the premier league how are the transferred players ages distributed,['characterize distribution'],set(),[],[],[],1,0,0,0,0
tell me a reason why top backcourt players have a higher market value than the top frontcourt player,[],{'correlation'},['filter'],[],[],0,1,1,0,0
which player had an abnormal transfer_fee,[],{'determine range'},['find anomalies'],[],[],0,1,1,0,0
how old was david when he was transferred in 2010,['retrieve value'],set(),[],['retrieve value'],['retrieve value'],1,0,0,1,1
"what player had a market value of 50,000,000 and was transferred for 58,500,000 in the 2010鈥毭劽011",[],{'retrieve value'},"['filter', ' filter']",[],[],0,2,2,0,0
"for the center forward position, what was the highest market value for the 2011-2012 season",['find extremum'],set(),[],['find extremum'],['find extremum'],1,0,0,1,1
tell me the numbers of the transferred players in different leagues in the 2010-2011 season,[],"{'group by', 'count'}","['compare', ' filter', 'compare', ' filter']",[],[],0,4,4,0,0
"what player had a market value of 50,000,000 and was transferred for 58,500,000 in the 2010‚äì2011",[],{'retrieve value'},"['filter', ' filter']",[],[],0,2,2,0,0
could you buy a player with his market value higher than a transfer fee,['filter'],set(),[],['filter'],['filter'],1,0,0,1,1
what is the average transfer_fee for players who transferred to the premier league,[],{'calculate mean'},"['characterize distribution', ' filter']",[],[],0,2,2,0,0
list center-backs by what their transfer_fee was,['retrieve value'],set(),[],['retrieve value'],['retrieve value'],1,0,0,1,1
which player was the oldest that was transferred,['find extremum'],{'retrieve value'},['find extremum'],['find extremum'],['find extremum'],1,1,1,1,1
what is the distribution of the leagues who paid for transferred players in 2010,['characterize distribution'],{'determine range'},"['characterize distribution', ' filter']",['characterize distribution'],['characterize distribution'],1,2,2,1,1
are you aware of any clustering of the seasons in which players were transferred to the premier league,['cluster'],set(),[],[],[],1,0,0,0,0
"if you were to average it out, how upbeat would you say the songs are",[],{'compute derived value'},['characterize distribution'],[],[],0,1,1,0,0
describe the popularity of the loudest song,['retrieve value'],{'find extremum'},['retrieve value'],['retrieve value'],['retrieve value'],1,1,1,1,1
can you help me find some popular songs,[],{'retrieve value'},['sort'],[],[],0,1,1,0,0
"in terms of length, how long is ' beautiful people '",['retrieve value'],set(),[],['retrieve value'],['retrieve value'],1,0,0,1,1
what songs of the pop genrea has sam smith released,[],{'retrieve value'},"['compare', ' filter']",[],[],0,2,2,0,0
are there singers who span multiple genres,[],{'characterize distribution'},['retrieve value'],[],[],0,1,1,0,0
determine in what year the income of undergraduate students was higher,[],{'find extremum'},"['compare', ' trend']",[],[],0,2,2,0,0
how are postgraduate student numbers distributed every year,['characterize distribution'],set(),[],['characterize distribution'],['characterize distribution'],1,0,0,1,1
could you tell me if there is any correlation between the number of undergraduate and postgraduate students,[],{'correlation'},['correlate'],[],[],0,1,1,0,0
state the average income of postgraduate students in each country,[],{'compute derived value'},['compare'],[],[],0,1,1,0,0
what is the number of postgraduate students for each year,[],{'retrieve value'},['characterize distribution'],[],[],0,1,1,0,0
"in each year, what is the distribution of the number of postgraduates",['characterize distribution'],set(),[],[],[],1,0,0,0,0
the chart teaches them the horsepower range,[],{'characterize distribution'},['determine range'],[],[],0,1,1,0,0
name me a country that's happiness score does not coincide with the region it belongs to,[],{'retrieve value'},['dependency'],[],[],0,1,1,0,0
tell me the country with the lowest trust score,[],{'retrieve value'},['find extremum'],[],[],0,1,1,0,0
is there a correlation between happiness scores and other attributes,[],{'correlation'},['correlate'],[],[],0,1,1,0,0
"what countries, other than finland, have higher happiness scores and lower gdp",[],"{'filter', 'retrieve value'}","['compare', 'compare']",[],[],0,2,2,0,0
can you tell me the area in the previous decade that increased rapidly in the happiness score,[],"{'determine range', 'compute derived value'}","['trend', 'trend']",[],[],0,2,2,0,0
"can you tell me, in terms of economy, what is the range across all countries",['determine range'],set(),[],[],[],1,0,0,0,0
show me any clustering there may be in the gdp that has a happiness score of larger than 5,['cluster'],set(),[],[],[],1,0,0,0,0
within the last year have any countries experienced a sudden decrease in happiness score,[],"{'determine range', 'filter', 'characterize distribution'}","['trend', 'trend', 'trend']",[],[],0,3,3,0,0
can you tell me the range of happiness score in western europe,['determine range'],set(),[],[],[],1,0,0,0,0
"out of all the countries, which ones have a happiness score higher then finland",['filter'],{'retrieve value'},['filter'],['filter'],['filter'],1,1,1,1,1
can you tell me in what range will the number of countries in each region fall,[],set(),[],[],[],0,0,0,0,0
please identify the parameters of the happiness score in western europe,[],{'retrieve value'},"['characterize distribution', ' filter']",[],[],0,2,2,0,0
show all the countries with happiness scores higher than 5,[],{'retrieve value'},['filter'],[],[],0,1,1,0,0
name the continent that contains the greatest number of countries that are top 10 on the happiness index,[],{'retrieve value'},['find extremum'],[],[],0,1,1,0,0
do any countries have happiness scores that don 't match with their gdp,[],{'correlate'},['characterize distribution'],[],[],0,1,1,0,0
"of all the countries trust score, which country has the lowest",[],{'retrieve value'},['find extremum'],[],[],0,1,1,0,0
name the country that scores the least on trust,[],{'retrieve value'},['find extremum'],[],[],0,1,1,0,0
what is the range across all the countries in terms of economy,[],{'determine range'},['find extremum'],[],[],0,1,1,0,0
"organize the countries based on happiness score, with the score limit on each group being 10",[],{'sort'},['characterize distribution'],[],[],0,1,1,0,0
show me the distribution of the health score as it is presented in different regions,['distribution'],set(),[],[],[],1,0,0,0,0
tell me the average gdp of countries in western europe,[],{'compute derived value'},"['characterize distribution', ' filter']",[],[],0,2,2,0,0
organize the countries by their region,['sort'],set(),[],[],[],1,0,0,0,0
"for all the regions, can you show me the pattern of the happiness score",[],{'retrieve value'},['cluster'],[],[],0,1,1,0,0
what are all the countries that have a happiness score similar to fineland 5 is an acceptable error score,[],{'find anomalies'},"['filter', ' similarity']",[],[],0,2,2,0,0
what is the range of economy across all the countries,['determine range'],set(),[],[],[],1,0,0,0,0
rank countries high to low by their family score,['sort'],set(),[],['sort'],['sort'],1,0,0,1,1
can we conclude that higher happiness comes from higher freedom,[],{'correlation'},['correlate'],[],[],0,1,1,0,0
what dimension of the happiness index has the maximum fluctuation,[],"{'find extremum', 'characterize distribution'}","['summarize', ' compare', 'summarize', ' compare']",[],[],0,4,4,0,0
retrieve the country that has had a sudden decrease in happiness score within a year,[],{'retrieve value'},['filter'],[],[],0,1,1,0,0
"across all regions, what is the happiness score pattern",[],{'trend'},['characterize distribution'],[],[],0,1,1,0,0
the health score is highest in which country,[],{'retrieve value'},['find extremum'],[],[],0,1,1,0,0
the highest health score is held by which country,['find extremum'],set(),[],['find extremum'],['find extremum'],1,0,0,1,1
please help me identify the least common age,[],{'determine range'},['Find Anomalies'],[],[],0,1,1,0,0
